match_title,match_id,team1_name,team2_name,team1_side,team2_side,team1_pick,team2_pick,winner,1,2,3,4,5,6,7,8,9,10,11,12,13,14,15,16,17,18,19,20,21,22,23,24
The International 11 Playoff,Game 1: 6832008209,Team Secret,Tundra Esports,The Radiant,The Dire,1st Pick,,Tundra,Doom,Marci,Broodmother,Nyx Assassin,Leshrac,Tusk,Mirana,Tiny,Lina,Templar Assassin,Lifestealer,Morphling,Beastmaster,Monkey King,Hoodwink,Enigma,Lich,Naga Siren,Lycan,Bloodseeker,Night Stalker,Drow Ranger,Pudge,Tidehunter
The International 11 Playoff,Game 2: 6832140410,Team Secret,Tundra Esports,The Radiant,The Dire,,1st Pick,Tundra,Nyx Assassin,Broodmother,Monkey King,Doom,Marci,Leshrac,Tusk,Visage,Sniper,Naga Siren,Bloodseeker,Mirana,Beastmaster,Luna,Chen,Chaos Knight,Phoenix,Bristleback,Pangolier,Viper,Batrider,Hoodwink,Arc Warden,Morphling
The International 11 Playoff,Game 3: 6832287527,Team Secret,Tundra Esports,The Dire,The Radiant,1st Pick,,Tundra,Doom,Monkey King,Tusk,Nyx Assassin,Marci,Tiny,Mirana,Leshrac,Tidehunter,Morphling,Brewmaster,Kunkka,Chaos Knight,Bloodseeker,Pangolier,Silencer,Naga Siren,Beastmaster,Troll Warlord,Shadow Shaman,Lifestealer,Clockwerk,Ember Spirit,Medusa
The International 11 Playoff,Game 1: 6831574509,Team Liquid,Team Secret,The Dire,The Radiant,1st Pick,,Secret,Leshrac,Marci,Dawnbreaker,Broodmother,Enigma,Silencer,Nyx Assassin,Tusk,Monkey King,Pudge,Kunkka,Enchantress,Pangolier,Storm Spirit,Sniper,Lifestealer,Lich,Beastmaster,Gyrocopter,Mars,Bloodseeker,Tiny,Primal Beast,Morphling
The International 11 Playoff,Game 2: 6831640716,Team Liquid,Team Secret,The Dire,The Radiant,,1st Pick,Liquid,Crystal Maiden,Marci,Lina,Leshrac,Silencer,Broodmother,Tusk,Monkey King,Pudge,Magnus,Undying,Pangolier,Lifestealer,Kunkka,Jakiro,Nyx Assassin,Primal Beast,Tiny,Lone Druid,Morphling,Naga Siren,Batrider,Queen of Pain,Sniper
The International 11 Playoff,Game 3: 6831727836,Team Liquid,Team Secret,The Dire,The Radiant,,1st Pick,Secret,Broodmother,Marci,Crystal Maiden,Leshrac,Enchantress,Tusk,Lina,Beastmaster,Pudge,Sniper,Jakiro,Kunkka,Night Stalker,Nyx Assassin,Undying,Invoker,Earthshaker,Lifestealer,Enigma,Ursa,Dark Seer,Morphling,Drow Ranger,Brewmaster
The International 11 Playoff,Game 1: 6829521976,Team Secret,Tundra Esports,The Radiant,The Dire,1st Pick,,Tundra,Doom,Leshrac,Crystal Maiden,Marci,Tusk,Mirana,Broodmother,Monkey King,Slark,Kunkka,Ursa,Enigma,Undying,Pangolier,Tiny,Disruptor,Magnus,Naga Siren,Winter Wyvern,Lina,Batrider,Dark Seer,Ember Spirit,Outworld Destroyer
The International 11 Playoff,Game 2: 6829692346,Team Secret,Tundra Esports,The Radiant,The Dire,,1st Pick,Secret,Leshrac,Doom,Marci,Broodmother,Crystal Maiden,Silencer,Dawnbreaker,Visage,Monkey King,Lifestealer,Bloodseeker,Slark,Lina,Naga Siren,Nyx Assassin,Clockwerk,Primal Beast,Pangolier,Enigma,Chaos Knight,Dark Seer,Luna,Terrorblade,Drow Ranger
The International 11 Playoff,Game 3: 6829836531,Team Secret,Tundra Esports,The Radiant,The Dire,1st Pick,,Tundra,Doom,Marci,Broodmother,Leshrac,Crystal Maiden,Tiny,Mirana,Dawnbreaker,Slark,Nyx Assassin,Naga Siren,Templar Assassin,Outworld Destroyer,Morphling,Tusk,Earth Spirit,Zeus,Enigma,Lifestealer,Silencer,Ursa,Monkey King,Gyrocopter,Chaos Knight
The International 11 Playoff,Game 1: 6829184970,Team Liquid,Team Aster,The Dire,The Radiant,1st Pick,,Liquid,Primal Beast,Enigma,Sven,Nyx Assassin,Marci,Crystal Maiden,Leshrac,Broodmother,Mars,Lifestealer,Naga Siren,Lone Druid,Pangolier,Invoker,Spirit Breaker,Lich,Lina,Sniper,Brewmaster,Pudge,Dawnbreaker,Monkey King,Bloodseeker,Underlord
The International 11 Playoff,Game 2: 6829266295,Team Liquid,Team Aster,The Radiant,The Dire,,1st Pick,Aster,Enigma,Sven,Nyx Assassin,Lina,Marci,Leshrac,Tusk,Sniper,Broodmother,Mars,Lifestealer,Pangolier,Lich,Brewmaster,Crystal Maiden,Jakiro,Pudge,Storm Spirit,Bloodseeker,Tidehunter,Ursa,Visage,Omniknight,Morphling
The International 11 Playoff,Game 3: 6829345218,Team Liquid,Team Aster,The Radiant,The Dire,,1st Pick,Liquid,Enigma,Sven,Broodmother,Marci,Crystal Maiden,Tusk,Lina,Primal Beast,Oracle,Sniper,Lifestealer,Mars,Pudge,Omniknight,Undying,Naga Siren,Beastmaster,Pangolier,Lone Druid,Snapfire,Bloodseeker,Storm Spirit,Drow Ranger,Night Stalker
The International 11 Playoff,Game 1: 6818958825,Team Liquid,Thunder Awaken,The Dire,The Radiant,1st Pick,,THUNDER,Dawnbreaker,Marci,Nyx Assassin,Primal Beast,Tiny,Crystal Maiden,Mars,Leshrac,Zeus,Oracle,Morphling,Silencer,Snapfire,Lone Druid,Rubick,Lifestealer,Pangolier,Enigma,Templar Assassin,Enchantress,Ursa,Winter Wyvern,Lich,Bloodseeker
The International 11 Playoff,Game 2: 6819093598,Team Liquid,Thunder Awaken,The Dire,The Radiant,,1st Pick,Liquid,Primal Beast,Dawnbreaker,Leshrac,Tiny,Marci,Enigma,Tusk,Gyrocopter,Morphling,Pangolier,Lifestealer,Mars,Lone Druid,Crystal Maiden,Broodmother,Disruptor,Tidehunter,Ursa,Lina,Zeus,Queen of Pain,Batrider,Ember Spirit,Puck
The International 11 Playoff,Game 3: 6819203954,Team Liquid,Thunder Awaken,The Dire,The Radiant,,1st Pick,Liquid,Broodmother,Dawnbreaker,Primal Beast,Tiny,Marci,Leshrac,Tusk,Enigma,Gyrocopter,Mars,Lone Druid,Zeus,Silencer,Morphling,Crystal Maiden,Undying,Pudge,Lifestealer,Slardar,Batrider,Puck,Lina,Ember Spirit,Pangolier
The International 11 Playoff,Game 1: 6818781180,PSG.LGD,Team Aster,The Radiant,The Dire,1st Pick,,Aster,Crystal Maiden,Monkey King,Leshrac,Tiny,Primal Beast,Shadow Demon,Lina,Ember Spirit,Brewmaster,Silencer,Lifestealer,Enchantress,Mars,Morphling,Mirana,Disruptor,Visage,Pangolier,Pudge,Bloodseeker,Bristleback,Luna,Riki,Drow Ranger
The International 11 Playoff,Game 2: 6818876789,PSG.LGD,Team Aster,The Radiant,The Dire,,1st Pick,Aster,Monkey King,Primal Beast,Disruptor,Leshrac,Sven,Enigma,Tiny,Lina,Morphling,Brewmaster,Sniper,Pangolier,Drow Ranger,Visage,Snapfire,Gyrocopter,Mirana,Terrorblade,Zeus,Dark Seer,Puck,Broodmother,Mars,Kunkka
The International 11 Playoff,Game 1: 6818633775,Team Liquid,OG,The Dire,The Radiant,1st Pick,,Liquid,Razor,Enigma,Viper,Primal Beast,Marci,Leshrac,Lich,Lina,Sniper,Visage,Mars,Death Prophet,Slardar,Lone Druid,Shadow Demon,Undying,Drow Ranger,Centaur Warrunner,Naga Siren,Beastmaster,Templar Assassin,Broodmother,Pangolier,Slark
The International 11 Playoff,Game 2: 6818704228,Team Liquid,OG,The Radiant,The Dire,,1st Pick,Liquid,Undying,Razor,Enigma,Marci,Tiny,Leshrac,Tusk,Huskar,Ancient Apparition,Oracle,Shadow Demon,Invoker,Lifestealer,Batrider,Crystal Maiden,Snapfire,Ember Spirit,Bloodseeker,Beastmaster,Faceless Void,Death Prophet,Templar Assassin,Nature's Prophet,Broodmother
The International 11 Playoff,Game 1: 6818469926,PSG.LGD,beastcoast,The Radiant,The Dire,1st Pick,,bc,Tiny,Primal Beast,Enigma,Marci,Undying,Visage,Snapfire,Pangolier,Bloodseeker,Nyx Assassin,Batrider,Broodmother,Naga Siren,Mars,Enchantress,Drow Ranger,Mirana,Faceless Void,Ember Spirit,Doom,Puck,Brewmaster,Slardar,Storm Spirit
The International 11 Playoff,Game 2: 6818528391,PSG.LGD,beastcoast,The Dire,The Radiant,,1st Pick,PSG.LGD,Primal Beast,Enigma,Visage,Undying,Tiny,Marci,Leshrac,Nyx Assassin,Beastmaster,Venomancer,Brewmaster,Batrider,Io,Silencer,Disruptor,Crystal Maiden,Mars,Lifestealer,Lycan,Troll Warlord,Tidehunter,Ursa,Faceless Void,Axe
The International 11 Playoff,Game 3: 6818576227,PSG.LGD,beastcoast,The Dire,The Radiant,,1st Pick,PSG.LGD,Primal Beast,Enigma,Visage,Undying,Marci,Sven,Leshrac,Batrider,Oracle,Venomancer,Lifestealer,Pangolier,Slark,Clockwerk,Io,Elder Titan,Chaos Knight,Brewmaster,Faceless Void,Timbersaw,Morphling,Lina,Shadow Fiend,Spirit Breaker
The International 11 Playoff,Game 1: 6817320059,Team Aster,Tundra Esports,The Dire,The Radiant,1st Pick,,Tundra,Nyx Assassin,Primal Beast,Silencer,Leshrac,Crystal Maiden,Mirana,Doom,Marci,Naga Siren,Enigma,Lifestealer,Broodmother,Tusk,Visage,Lich,Mars,Razor,Chaos Knight,Outworld Destroyer,Tiny,Spirit Breaker,Lone Druid,Slark,Pangolier
The International 11 Playoff,Game 2: 6817434540,Team Aster,Tundra Esports,The Radiant,The Dire,,1st Pick,Tundra,Primal Beast,Crystal Maiden,Leshrac,Doom,Tiny,Marci,Shadow Fiend,Broodmother,Mars,Naga Siren,Enigma,Lifestealer,Pangolier,Lich,Snapfire,Zeus,Mirana,Storm Spirit,Beastmaster,Chaos Knight,Lycan,Bloodseeker,Slark,Dawnbreaker
The International 11 Playoff,Game 1: 6817124589,Team Secret,Thunder Awaken,The Radiant,The Dire,1st Pick,,Secret,Tiny,Primal Beast,Dawnbreaker,Nyx Assassin,Marci,Crystal Maiden,Mars,Leshrac,Pudge,Monkey King,Zeus,Silencer,Lifestealer,Bloodseeker,Snapfire,Disruptor,Drow Ranger,Pangolier,Spectre,Viper,Ursa,Tidehunter,Earth Spirit,Morphling
The International 11 Playoff,Game 2: 6817224250,Team Secret,Thunder Awaken,The Dire,The Radiant,,1st Pick,Secret,Primal Beast,Tiny,Chen,Dawnbreaker,Nyx Assassin,Marci,Silencer,Zeus,Storm Spirit,Pudge,Templar Assassin,Undying,Monkey King,Batrider,Kunkka,Crystal Maiden,Tidehunter,Ursa,Enigma,Drow Ranger,Viper,Bloodseeker,Slark,Leshrac
The International 11 Playoff,Game 1: 6816889894,Team Liquid,Entity,The Dire,The Radiant,,1st Pick,Liquid,Primal Beast,Broodmother,Marci,Nyx Assassin,Tiny,Enigma,Leshrac,Arc Warden,Lone Druid,Visage,Tusk,Ancient Apparition,Undying,Pudge,Spirit Breaker,Crystal Maiden,Naga Siren,Lifestealer,Venomancer,Morphling,Jakiro,Brewmaster,Slardar,Lich
The International 11 Playoff,Game 2: 6816943535,Team Liquid,Entity,The Radiant,The Dire,,1st Pick,Entity,Primal Beast,Broodmother,Marci,Nyx Assassin,Leshrac,Enigma,Tusk,Undying,Crystal Maiden,Visage,Ancient Apparition,Beastmaster,Faceless Void,Morphling,Pudge,Sniper,Tiny,Lina,Mars,Lycan,Jakiro,Brewmaster,Clockwerk,Snapfire
The International 11 Playoff,Game 3: 6817021418,Team Liquid,Entity,The Radiant,The Dire,,1st Pick,Liquid,Primal Beast,Nyx Assassin,Marci,Leshrac,Tiny,Enigma,Crystal Maiden,Broodmother,Naga Siren,Arc Warden,Pangolier,Sniper,Ursa,Morphling,Spirit Breaker,Pudge,Jakiro,Lifestealer,Shadow Fiend,Visage,Queen of Pain,Invoker,Puck,Ember Spirit
The International 11 Playoff,Game 1: 6816712704,OG,Gaimin Gladiators,The Radiant,The Dire,,1st Pick,OG,Timbersaw,Marci,Razor,Primal Beast,Enchantress,Naga Siren,Snapfire,Shadow Fiend,Sniper,Brewmaster,Morphling,Tidehunter,Mars,Legion Commander,Invoker,Tiny,Silencer,Slardar,Faceless Void,Beastmaster,Templar Assassin,Broodmother,Underlord,Monkey King
The International 11 Playoff,Game 2: 6816764482,OG,Gaimin Gladiators,The Dire,The Radiant,1st Pick,,GG,Undying,Razor,Shadow Fiend,Timbersaw,Pangolier,Primal Beast,Silencer,Viper,Marci,Lich,Broodmother,Templar Assassin,Enigma,Tiny,Crystal Maiden,Jakiro,Clockwerk,Lifestealer,Beastmaster,Morphling,Brewmaster,Slark,Faceless Void,Storm Spirit
The International 11 Playoff,Game 3: 6816829511,OG,Gaimin Gladiators,The Radiant,The Dire,,1st Pick,OG,Snapfire,Marci,Razor,Primal Beast,Undying,Naga Siren,Jakiro,Shadow Fiend,Morphling,Tidehunter,Sniper,Brewmaster,Faceless Void,Legion Commander,Invoker,Beastmaster,Disruptor,Sand King,Monkey King,Lifestealer,Bloodseeker,Pudge,Kunkka,Mirana
The International 11 Playoff,Game 1: 6815420310,PSG.LGD,BOOM Esports,The Dire,The Radiant,1st Pick,,PSG.LGD,Enigma,Marci,Undying,Primal Beast,Chen,Tusk,Crystal Maiden,Monkey King,Batrider,Beastmaster,Death Prophet,Leshrac,Pudge,Shadow Fiend,Mars,Kunkka,Snapfire,Lifestealer,Venomancer,Razor,Brewmaster,Morphling,Slardar,Phoenix
The International 11 Playoff,Game 2: 6815465825,PSG.LGD,BOOM Esports,The Radiant,The Dire,1st Pick,,PSG.LGD,Enigma,Chen,Marci,Primal Beast,Undying,Death Prophet,Hoodwink,Visage,Naga Siren,Leshrac,Pudge,Luna,Mars,Shadow Fiend,Kunkka,Earthshaker,Ember Spirit,Enchantress,Bristleback,Terrorblade,Slark,Morphling,Drow Ranger,Bloodseeker
The International 11 Playoff,Game 1: 6815303281,Shopify Rebellion,beastcoast,The Dire,The Radiant,,1st Pick,bc,Primal Beast,Clockwerk,Shadow Fiend,Naga Siren,Crystal Maiden,Broodmother,Hoodwink,Mars,Undying,Pangolier,Puck,Leshrac,Invoker,Timbersaw,Sven,Snapfire,Tiny,Ember Spirit,Lifestealer,Bloodseeker,Lone Druid,Juggernaut,Slark,Terrorblade
The International 11 Playoff,Game 2: 6815355000,Shopify Rebellion,beastcoast,The Dire,The Radiant,1st Pick,,bc,Clockwerk,Primal Beast,Tiny,Shadow Fiend,Crystal Maiden,Nyx Assassin,Leshrac,Beastmaster,Chaos Knight,Invoker,Tidehunter,Hoodwink,Enchantress,Puck,Chen,Mirana,Ember Spirit,Naga Siren,Timbersaw,Pudge,Enigma,Alchemist,Lifestealer,Brewmaster
The International 11 Playoff,Game 1: 6815213517,Team Liquid,Team Aster,The Dire,The Radiant,1st Pick,,Aster,Primal Beast,Nyx Assassin,Visage,Enigma,Marci,Sven,Leshrac,Shadow Fiend,Drow Ranger,Pudge,Broodmother,Lone Druid,Tiny,Undying,Crystal Maiden,Death Prophet,Disruptor,Sniper,Beastmaster,Naga Siren,Brewmaster,Morphling,Mars,Pangolier
The International 11 Playoff,Game 2: 6815257918,Team Liquid,Team Aster,The Dire,The Radiant,1st Pick,,Aster,Primal Beast,Enigma,Sven,Nyx Assassin,Marci,Lich,Leshrac,Shadow Fiend,Sniper,Shadow Demon,Drow Ranger,Pudge,Broodmother,Lone Druid,Snapfire,Crystal Maiden,Beastmaster,Terrorblade,Mars,Naga Siren,Pangolier,Lifestealer,Ursa,Brewmaster
The International 11 Playoff,Game 1: 6815136578,OG,Tundra Esports,The Dire,The Radiant,1st Pick,,Tundra,Doom,Pangolier,Hoodwink,Templar Assassin,Crystal Maiden,Mirana,Tiny,Ember Spirit,Ursa,Razor,Lifestealer,Timbersaw,Tidehunter,Mars,Tusk,Oracle,Sand King,Slark,Beastmaster,Shadow Fiend,Enigma,Naga Siren,Morphling,Visage
The International 11 Playoff,Game 2: 6815171709,OG,Tundra Esports,The Radiant,The Dire,,1st Pick,Tundra,Pangolier,Undying,Templar Assassin,Doom,Mirana,Oracle,Primal Beast,Visage,Monkey King,Tusk,Sniper,Tiny,Naga Siren,Luna,Marci,Earthshaker,Spirit Breaker,Phantom Lancer,Viper,Slark,Razor,Troll Warlord,Lifestealer,Timbersaw
The International 11 Playoff,Game 1: 6814073054,Knights,Entity,The Radiant,The Dire,,1st Pick,Entity,Marci,Broodmother,Enigma,Nyx Assassin,Tiny,Leshrac,Lich,Ancient Apparition,Naga Siren,Morphling,Tidehunter,Arc Warden,Lone Druid,Batrider,Earthshaker,Visage,Lycan,Terrorblade,Primal Beast,Pudge,Beastmaster,Drow Ranger,Brewmaster,Underlord
The International 11 Playoff,Game 1: 6814001211,Fnatic,Gaimin Gladiators,The Radiant,The Dire,1st Pick,,GG,Enchantress,Marci,Broodmother,Enigma,Undying,Primal Beast,Silencer,Sniper,Beastmaster,Monkey King,Lycan,Disruptor,Bloodseeker,Slark,Snapfire,Clockwerk,Templar Assassin,Morphling,Brewmaster,Ancient Apparition,Batrider,Tidehunter,Visage,Storm Spirit
The International 11 Playoff,Game 1: 6813943972,Team Spirit,BOOM Esports,The Dire,The Radiant,,1st Pick,BOOM,Doom,Enigma,Primal Beast,Undying,Marci,Nyx Assassin,Leshrac,Shadow Fiend,Morphling,Kunkka,Dawnbreaker,Ember Spirit,Terrorblade,Drow Ranger,Lich,Mars,Disruptor,Lifestealer,Magnus,Razor,Tidehunter,Faceless Void,Beastmaster,Outworld Destroyer
The International 11 Playoff,Game 1: 6813896391,Ukumari,beastcoast,The Dire,The Radiant,1st Pick,,bc,Leshrac,Undying,Silencer,Marci,Enigma,Crystal Maiden,Tiny,Shadow Fiend,Visage,Pangolier,Naga Siren,Nyx Assassin,Broodmother,Zeus,Clockwerk,Tusk,Ogre Magi,Phantom Lancer,Snapfire,Pudge,Viper,Puck,Ember Spirit,Batrider
The International 11 Playoff,Game 1: 6813815540,PSG.LGD,Team Secret,The Radiant,The Dire,1st Pick,,Secret,Chen,Marci,Enchantress,Primal Beast,Enigma,Nyx Assassin,Leshrac,Pangolier,Bloodseeker,Lifestealer,Kunkka,Undying,Monkey King,Tiny,Silencer,Tusk,Dazzle,Dawnbreaker,Broodmother,Chaos Knight,Ember Spirit,Ursa,Lone Druid,Crystal Maiden
The International 11 Playoff,Game 2: 6813846659,PSG.LGD,Team Secret,The Dire,The Radiant,,1st Pick,Secret,Enigma,Chen,Primal Beast,Batrider,Marci,Lich,Tiny,Leshrac,Lifestealer,Enchantress,Lina,Kunkka,Ursa,Beastmaster,Zeus,Disruptor,Nyx Assassin,Monkey King,Lycan,Razor,Broodmother,Bloodseeker,Dawnbreaker,Death Prophet
The International 11 Playoff,Game 1: 6813739089,Shopify Rebellion,Thunder Awaken,The Dire,The Radiant,,1st Pick,THUNDER,Primal Beast,Enigma,Broodmother,Dawnbreaker,Tiny,Shadow Fiend,Sven,Zeus,Storm Spirit,Venomancer,Ember Spirit,Snapfire,Templar Assassin,Pudge,Invoker,Crystal Maiden,Pangolier,Silencer,Viper,Morphling,Doom,Faceless Void,Bloodseeker,Tidehunter
The International 11 Playoff,Game 2: 6813782414,Shopify Rebellion,Thunder Awaken,The Dire,The Radiant,1st Pick,,THUNDER,Enigma,Broodmother,Crystal Maiden,Primal Beast,Marci,Tiny,Dawnbreaker,Shadow Fiend,Zeus,Silencer,Hoodwink,Invoker,Undying,Ember Spirit,Lich,Razor,Clockwerk,Morphling,Batrider,Ancient Apparition,Storm Spirit,Void Spirit,Pangolier,Lion
,Game 1: 6811142966,Talon,Entity,The Radiant,The Dire,1st Pick,,Entity,Visage,Doom,Broodmother,Lina,Marci,Nyx Assassin,Leshrac,Shadow Fiend,Naga Siren,Disruptor,Batrider,Pangolier,Beastmaster,Rubick,Jakiro,Pudge,Undying,Morphling,Viper,Hoodwink,Enigma,Skywrath Mage,Ancient Apparition,Lycan
,Game 2: 6811221669,Talon,Entity,The Dire,The Radiant,,1st Pick,Entity,Lina,Broodmother,Doom,Nyx Assassin,Marci,Dawnbreaker,Leshrac,Visage,Undying,Morphling,Batrider,Luna,Drow Ranger,Silencer,Earthshaker,Sven,Pudge,Terrorblade,Razor,Zeus,Enchantress,Arc Warden,Ancient Apparition,Witch Doctor
,Game 1: 6811140084,BOOM Esports,BetBoom Team,The Radiant,The Dire,,1st Pick,BOOM,Tiny,Nature's Prophet,Primal Beast,Leshrac,Marci,Enigma,Tusk,Sniper,Ember Spirit,Silencer,Batrider,Beastmaster,Kunkka,Visage,Disruptor,Pangolier,Mars,Faceless Void,Storm Spirit,Winter Wyvern,Invoker,Phoenix,Chen,Zeus
,Game 1: 6811064974,Thiuth Gaming,BOOM Esports,The Dire,The Radiant,1st Pick,,BOOM,Clockwerk,Shadow Fiend,Enigma,Primal Beast,Marci,Undying,Disruptor,Broodmother,Pangolier,Sniper,Naga Siren,Leshrac,Pudge,Morphling,Kunkka,Death Prophet,Hoodwink,Bristleback,Batrider,Drow Ranger,Beastmaster,Lifestealer,Templar Assassin,Brewmaster
,Game 1: 6811000638,Fnatic,TSM,The Radiant,The Dire,1st Pick,,Fnatic,Beastmaster,Enigma,Clockwerk,Marci,Undying,Nyx Assassin,Shadow Fiend,Sniper,Naga Siren,Terrorblade,Batrider,Hoodwink,Lycan,Tiny,Crystal Maiden,Disruptor,Monkey King,Leshrac,Mars,Death Prophet,Primal Beast,Lifestealer,Templar Assassin,Dark Seer
,Game 2: 6811058155,Fnatic,TSM,The Radiant,The Dire,,1st Pick,Fnatic,Pangolier,Beastmaster,Enigma,Marci,Undying,Disruptor,Monkey King,Drow Ranger,Sniper,Leshrac,Nature's Prophet,Visage,Naga Siren,Primal Beast,Enchantress,Crystal Maiden,Dawnbreaker,Lifestealer,Tinker,Batrider,Lina,Puck,Ember Spirit,Invoker
,Game 1: 6811003963,Team Secret,Talon,The Radiant,The Dire,1st Pick,,Secret,Enigma,Chen,Leshrac,Sniper,Marci,Doom,Nyx Assassin,Shadow Fiend,Lina,Broodmother,Beastmaster,Mirana,Dawnbreaker,Monkey King,Enchantress,Tusk,Crystal Maiden,Templar Assassin,Morphling,Viper,Troll Warlord,Batrider,Slardar,Visage
,Game 2: 6811050928,Team Secret,Talon,The Radiant,The Dire,,1st Pick,Secret,Enigma,Marci,Shadow Fiend,Nyx Assassin,Leshrac,Tusk,Lina,Clockwerk,Lifestealer,Dawnbreaker,Chen,Beastmaster,Mirana,Templar Assassin,Bane,Lycan,Jakiro,Bloodseeker,Mars,Drow Ranger,Primal Beast,Luna,Lone Druid,Broodmother
,Game 1: 6810986033,Thunder Awaken,beastcoast,The Radiant,The Dire,,1st Pick,bc,Tiny,Clockwerk,Nyx Assassin,Silencer,Undying,Crystal Maiden,Marci,Shadow Fiend,Pudge,Tusk,Batrider,Earthshaker,Enigma,Mars,Zeus,Snapfire,Earth Spirit,Faceless Void,Dawnbreaker,Wraith King,Pangolier,Chaos Knight,Doom,Venomancer
,Game 2: 6811040499,Thunder Awaken,beastcoast,The Radiant,The Dire,1st Pick,,THUNDER,Clockwerk,Tiny,Silencer,Nyx Assassin,Undying,Marci,Enigma,Gyrocopter,Snapfire,Storm Spirit,Faceless Void,Batrider,Terrorblade,Leshrac,Shadow Fiend,Dawnbreaker,Zeus,Ogre Magi,Templar Assassin,Hoodwink,Lina,Mars,Lion,Drow Ranger
,Game 1: 6810984589,Team Aster,Team Spirit,The Dire,The Radiant,1st Pick,,Aster,Nyx Assassin,Enigma,Pangolier,Visage,Marci,Primal Beast,Crystal Maiden,Leshrac,Morphling,Clockwerk,Sniper,Shadow Fiend,Batrider,Monkey King,Tiny,Shadow Demon,Broodmother,Troll Warlord,Mars,Drow Ranger,Beastmaster,Lone Druid,Razor,Puck
,Game 2: 6811035333,Team Aster,Team Spirit,The Dire,The Radiant,1st Pick,,TSpirit,Nyx Assassin,Enigma,Pangolier,Leshrac,Marci,Primal Beast,Crystal Maiden,Shadow Fiend,Drow Ranger,Shadow Demon,Sniper,Doom,Morphling,Phoenix,Tusk,Oracle,Broodmother,Troll Warlord,Puck,Razor,Death Prophet,Pudge,Tiny,Zeus
,Game 1: 6810974000,Tundra Esports,Entity,The Dire,The Radiant,,1st Pick,Tundra,Crystal Maiden,Broodmother,Undying,Enigma,Marci,Doom,Lich,Lone Druid,Slark,Visage,Queen of Pain,Chen,Lifestealer,Batrider,Hoodwink,Brewmaster,Invoker,Pangolier,Naga Siren,Silencer,Drow Ranger,Bane,Disruptor,Wraith King
,Game 2: 6811014822,Tundra Esports,Entity,The Radiant,The Dire,,1st Pick,Tundra,Crystal Maiden,Enigma,Doom,Broodmother,Undying,Visage,Luna,Batrider,Queen of Pain,Beastmaster,Oracle,Lycan,Marci,Naga Siren,Nyx Assassin,Hoodwink,Morphling,Outworld Destroyer,Ancient Apparition,Clockwerk,Abaddon,Sven,Brewmaster,Slark
,Game 1: 6810906509,Shopify Rebellion,BOOM Esports,The Dire,The Radiant,1st Pick,,BOOM,Silencer,Shadow Fiend,Pangolier,Broodmother,Primal Beast,Marci,Enigma,Pudge,Ember Spirit,Crystal Maiden,Lifestealer,Nyx Assassin,Morphling,Lina,Leshrac,Invoker,Chen,Witch Doctor,Ursa,Beastmaster,Sven,Night Stalker,Vengeful Spirit,Bristleback
,Game 2: 6810950150,Shopify Rebellion,BOOM Esports,The Dire,The Radiant,1st Pick,,BOOM,Nyx Assassin,Shadow Fiend,Clockwerk,Broodmother,Primal Beast,Marci,Enigma,Crystal Maiden,Leshrac,Pudge,Ember Spirit,Earthshaker,Storm Spirit,Silencer,Disruptor,Naga Siren,Rubick,Bristleback,Pangolier,Batrider,Zeus,Timbersaw,Viper,Kunkka
,Game 1: 6810903010,PSG.LGD,BetBoom Team,The Dire,The Radiant,1st Pick,,PSG.LGD,Batrider,Shadow Fiend,Undying,Enigma,Primal Beast,Marci,Leshrac,Lina,Beastmaster,Broodmother,Visage,Snapfire,Clockwerk,Silencer,Earthshaker,Lich,Lifestealer,Sniper,Shadow Demon,Lycan,Death Prophet,Tiny,Centaur Warrunner,Slardar
,Game 2: 6810944275,PSG.LGD,BetBoom Team,The Radiant,The Dire,,1st Pick,BetBoom,Tiny,Primal Beast,Lich,Undying,Marci,Shadow Fiend,Jakiro,Sniper,Broodmother,Beastmaster,Storm Spirit,Batrider,Centaur Warrunner,Pangolier,Nyx Assassin,Mars,Phoenix,Vengeful Spirit,Ember Spirit,Zeus,Kunkka,Death Prophet,Nature's Prophet,Alchemist
,Game 1: 6810903428,Thiuth Gaming,Gaimin Gladiators,The Dire,The Radiant,,1st Pick,GG,Marci,Broodmother,Primal Beast,Shadow Fiend,Enchantress,Leshrac,Clockwerk,Pangolier,Bloodseeker,Drow Ranger,Undying,Morphling,Slark,Sniper,Crystal Maiden,Brewmaster,Silencer,Lifestealer,Visage,Ursa,Mirana,Templar Assassin,Faceless Void,Doom
,Game 2: 6810950415,Thiuth Gaming,Gaimin Gladiators,The Radiant,The Dire,1st Pick,,GG,Enchantress,Shadow Fiend,Broodmother,Primal Beast,Marci,Undying,Rubick,Enigma,Pangolier,Lich,Beastmaster,Slark,Tidehunter,Leshrac,Brewmaster,Ember Spirit,Snapfire,Morphling,Invoker,Faceless Void,Monkey King,Drow Ranger,Sniper,Storm Spirit
,Game 1: 6810903559,OG,Knights,The Dire,The Radiant,1st Pick,,OG,Leshrac,Marci,Lich,Primal Beast,Shadow Fiend,Disruptor,Undying,Snapfire,Enigma,Slardar,Morphling,Ember Spirit,Faceless Void,Bloodseeker,Pangolier,Oracle,Sand King,Drow Ranger,Broodmother,Arc Warden,Beastmaster,Storm Spirit,Nature's Prophet,Dawnbreaker
,Game 2: 6810942576,OG,Knights,The Radiant,The Dire,,1st Pick,OG,Clockwerk,Marci,Oracle,Undying,Primal Beast,Pangolier,Lich,Shadow Fiend,Morphling,Bloodseeker,Faceless Void,Beastmaster,Shadow Demon,Enigma,Tiny,Omniknight,Lion,Razor,Monkey King,Queen of Pain,Lone Druid,Batrider,Weaver,Lifestealer
,Game 1: 6810895741,Team Liquid,Ukumari,The Radiant,The Dire,,1st Pick,Liquid,Primal Beast,Marci,Enigma,Shadow Fiend,Undying,Snapfire,Pangolier,Puck,Tiny,Morphling,Naga Siren,Death Prophet,Void Spirit,Faceless Void,Nyx Assassin,Bloodseeker,Hoodwink,Lone Druid,Beastmaster,Tidehunter,Visage,Mars,Brewmaster,Broodmother
,Game 2: 6810932324,Team Liquid,Ukumari,The Radiant,The Dire,1st Pick,,Liquid,Shadow Fiend,Marci,Death Prophet,Lone Druid,Enigma,Pangolier,Tiny,Primal Beast,Silencer,Clockwerk,Tidehunter,Bloodseeker,Mars,Bane,Disruptor,Crystal Maiden,Tusk,Morphling,Venomancer,Pudge,Centaur Warrunner,Slark,Drow Ranger,Broodmother
,Game 1: 6810822833,Team Spirit,beastcoast,The Dire,The Radiant,1st Pick,,bc,Silencer,Pangolier,Clockwerk,Primal Beast,Tiny,Nyx Assassin,Enigma,Enchantress,Crystal Maiden,Beastmaster,Batrider,Mars,Leshrac,Night Stalker,Marci,Doom,Monkey King,Shadow Fiend,Venomancer,Queen of Pain,Naga Siren,Lina,Rubick,Wraith King
,Game 2: 6810872192,Team Spirit,beastcoast,The Dire,The Radiant,,1st Pick,TSpirit,Pangolier,Nyx Assassin,Leshrac,Enigma,Primal Beast,Clockwerk,Doom,Wraith King,Invoker,Shadow Fiend,Naga Siren,Marci,Batrider,Snapfire,Phoenix,Silencer,Tusk,Storm Spirit,Slark,Death Prophet,Lifestealer,Mirana,Puck,Morphling
,Game 1: 6810818538,Fnatic,Tundra Esports,The Radiant,The Dire,,1st Pick,Tundra,Tiny,Doom,Enigma,Undying,Crystal Maiden,Clockwerk,Death Prophet,Broodmother,Monkey King,Chaos Knight,Pangolier,Bloodseeker,Templar Assassin,Razor,Pudge,Hoodwink,Lifestealer,Lich,Shadow Fiend,Tusk,Queen of Pain,Batrider,Primal Beast,Huskar
,Game 2: 6810862848,Fnatic,Tundra Esports,The Radiant,The Dire,1st Pick,,Tundra,Doom,Enigma,Broodmother,Tiny,Crystal Maiden,Silencer,Primal Beast,Pangolier,Bloodseeker,Shadow Demon,Beastmaster,Monkey King,Shadow Fiend,Templar Assassin,Clockwerk,Marci,Lone Druid,Tidehunter,Lifestealer,Razor,Slark,Viper,Hoodwink,Naga Siren
,Game 1: 6810821982,Talon,Entity,The Radiant,The Dire,1st Pick,,TLN,Visage,Doom,Broodmother,Leshrac,Marci,Shadow Fiend,Omniknight,Lina,Naga Siren,Enchantress,Lycan,Shadow Demon,Beastmaster,Morphling,Tiny,Undying,Rubick,Silencer,Brewmaster,Drow Ranger,Viper,Slark,Pudge,Batrider
,Game 2: 6810862193,Talon,Entity,The Radiant,The Dire,1st Pick,,TLN,Visage,Doom,Broodmother,Marci,Nyx Assassin,Undying,Shadow Fiend,Lina,Naga Siren,Enchantress,Lycan,Morphling,Beastmaster,Silencer,Enigma,Dawnbreaker,Vengeful Spirit,Drow Ranger,Brewmaster,Sniper,Sven,Gyrocopter,Pangolier,Tiny
,Game 1: 6810821187,Team Secret,Team Aster,The Radiant,The Dire,,1st Pick,Secret,Nyx Assassin,Marci,Shadow Fiend,Primal Beast,Tiny,Leshrac,Tusk,Enigma,Chen,Lina,Gyrocopter,Undying,Sniper,Crystal Maiden,Silencer,Snapfire,Ember Spirit,Monkey King,Broodmother,Drow Ranger,Dawnbreaker,Lifestealer,Nature's Prophet,Magnus
,Game 2: 6810863490,Team Secret,Team Aster,The Radiant,The Dire,1st Pick,,Secret,Undying,Nyx Assassin,Primal Beast,Marci,Tusk,Crystal Maiden,Tiny,Leshrac,Lina,Monkey King,Shadow Fiend,Razor,Broodmother,Lifestealer,Visage,Bloodseeker,Disruptor,Puck,Luna,Sniper,Ursa,Doom,Kunkka,Morphling
,Game 1: 6810825713,Thunder Awaken,TSM,The Radiant,The Dire,1st Pick,,THUNDER,Broodmother,Enigma,Undying,Marci,Nyx Assassin,Shadow Fiend,Clockwerk,Tiny,Beastmaster,Silencer,Mars,Dawnbreaker,Kunkka,Crystal Maiden,Mirana,Disruptor,Pudge,Slardar,Ursa,Dark Seer,Lifestealer,Brewmaster,Snapfire,Pangolier
,Game 2: 6810862170,Thunder Awaken,TSM,The Radiant,The Dire,,1st Pick,TSM,Tiny,Undying,Crystal Maiden,Broodmother,Marci,Dawnbreaker,Nyx Assassin,Shadow Fiend,Drow Ranger,Beastmaster,Sniper,Faceless Void,Pudge,Visage,Lich,Silencer,Earthshaker,Monkey King,Batrider,Viper,Leshrac,Slark,Venomancer,Kunkka
,Game 1: 6810014272,Team Liquid,BOOM Esports,The Dire,The Radiant,1st Pick,,Liquid,Primal Beast,Shadow Fiend,Silencer,Enigma,Marci,Tiny,Snapfire,Pangolier,Bloodseeker,Lone Druid,Mars,Pudge,Morphling,Broodmother,Undying,Beastmaster,Disruptor,Phantom Assassin,Tidehunter,Faceless Void,Magnus,Terrorblade,Luna,Underlord
,Game 2: 6810103823,Team Liquid,BOOM Esports,The Radiant,The Dire,,1st Pick,Liquid,Shadow Fiend,Primal Beast,Leshrac,Marci,Tiny,Enigma,Undying,Silencer,Lone Druid,Pangolier,Pudge,Death Prophet,Faceless Void,Mars,Nyx Assassin,Tidehunter,Lina,Invoker,Terrorblade,Gyrocopter,Morphling,Naga Siren,Lifestealer,Slark
,Game 1: 6809888330,PSG.LGD,Gaimin Gladiators,The Radiant,The Dire,,1st Pick,PSG.LGD,Enigma,Enchantress,Primal Beast,Undying,Shadow Fiend,Marci,Silencer,Broodmother,Naga Siren,Tiny,Morphling,Pangolier,Tidehunter,Tusk,Pudge,Rubick,Ogre Magi,Dawnbreaker,Templar Assassin,Ursa,Lina,Lifestealer,Ember Spirit,Sniper
,Game 2: 6809991048,PSG.LGD,Gaimin Gladiators,The Radiant,The Dire,,1st Pick,GG,Enigma,Enchantress,Marci,Shadow Fiend,Primal Beast,Undying,Leshrac,Silencer,Nyx Assassin,Pangolier,Shadow Demon,Chen,Tiny,Batrider,Clockwerk,Venomancer,Broodmother,Naga Siren,Tidehunter,Sven,Mars,Drow Ranger,Pudge,Legion Commander
,Game 1: 6809858739,OG,BetBoom Team,The Radiant,The Dire,,1st Pick,BetBoom,Razor,Undying,Clockwerk,Marci,Primal Beast,Timbersaw,Shadow Demon,Leshrac,Morphling,Silencer,Batrider,Nyx Assassin,Ember Spirit,Tusk,Enchantress,Faceless Void,Crystal Maiden,Puck,Templar Assassin,Night Stalker,Lone Druid,Skywrath Mage,Visage,Ursa
,Game 2: 6809980949,OG,BetBoom Team,The Dire,The Radiant,,1st Pick,OG,Clockwerk,Undying,Timbersaw,Marci,Primal Beast,Pangolier,Oracle,Bloodseeker,Morphling,Shadow Fiend,Ember Spirit,Sniper,Batrider,Visage,Crystal Maiden,Leshrac,Silencer,Slardar,Templar Assassin,Enigma,Faceless Void,Beastmaster,Troll Warlord,Luna
,Game 1: 6809806814,Thiuth Gaming,Ukumari,The Radiant,The Dire,,1st Pick,Uku,Lich,Marci,Leshrac,Enigma,Shadow Fiend,Primal Beast,Clockwerk,Undying,Morphling,Death Prophet,Sniper,Broodmother,Naga Siren,Batrider,Lina,Puck,Tiny,Venomancer,Bloodseeker,Dark Seer,Templar Assassin,Beastmaster,Weaver,Sven
,Game 2: 6809894646,Thiuth Gaming,Ukumari,The Dire,The Radiant,,1st Pick,Uku,Lich,Shadow Fiend,Silencer,Enigma,Marci,Primal Beast,Bane,Morphling,Ancient Apparition,Undying,Naga Siren,Broodmother,Slark,Visage,Skywrath Mage,Clockwerk,Venomancer,Terrorblade,Kunkka,Pangolier,Void Spirit,Zeus,Puck,Beastmaster
,Game 1: 6809815986,Team Secret,Entity,The Radiant,The Dire,1st Pick,,Secret,Undying,Shadow Fiend,Leshrac,Sniper,Marci,Nyx Assassin,Enigma,Gyrocopter,Morphling,Beastmaster,Pudge,Pangolier,Naga Siren,Rubick,Jakiro,Disruptor,Broodmother,Ember Spirit,Legion Commander,Templar Assassin,Batrider,Primal Beast,Kunkka,Lina
,Game 2: 6809895411,Team Secret,Entity,The Radiant,The Dire,,1st Pick,Secret,Shadow Fiend,Marci,Primal Beast,Broodmother,Nyx Assassin,Enigma,Tusk,Leshrac,Sniper,Gyrocopter,Pangolier,Pudge,Bloodseeker,Silencer,Chen,Naga Siren,Jakiro,Lina,Monkey King,Beastmaster,Huskar,Visage,Arc Warden,Lifestealer
,Game 1: 6809812984,Shopify Rebellion,Knights,The Radiant,The Dire,1st Pick,,SR,Leshrac,Primal Beast,Enigma,Marci,Shadow Fiend,Lich,Tiny,Broodmother,Naga Siren,Sven,Tidehunter,Ember Spirit,Pangolier,Undying,Dawnbreaker,Clockwerk,Silencer,Morphling,Queen of Pain,Batrider,Puck,Void Spirit,Storm Spirit,Nyx Assassin
,Game 2: 6809875296,Shopify Rebellion,Knights,The Dire,The Radiant,,1st Pick,SR,Primal Beast,Leshrac,Lich,Broodmother,Marci,Shadow Fiend,Sven,Batrider,Beastmaster,Lone Druid,Pangolier,Morphling,Legion Commander,Terrorblade,Vengeful Spirit,Silencer,Drow Ranger,Lycan,Storm Spirit,Tidehunter,Queen of Pain,Enigma,Brewmaster,Puck
,Game 1: 6809734353,Team Spirit,Tundra Esports,The Dire,The Radiant,1st Pick,,Tundra,Enigma,Primal Beast,Tiny,Pangolier,Marci,Crystal Maiden,Doom,Shadow Fiend,Chaos Knight,Beastmaster,Sniper,Faceless Void,Ursa,Hoodwink,Mirana,Shadow Demon,Axe,Lifestealer,Outworld Destroyer,Puck,Earthshaker,Ember Spirit,Invoker,Tusk
,Game 2: 6809802856,Team Spirit,Tundra Esports,The Radiant,The Dire,1st Pick,,Tundra,Enigma,Primal Beast,Doom,Pangolier,Undying,Marci,Crystal Maiden,Mars,Chaos Knight,Shadow Fiend,Lifestealer,Kunkka,Broodmother,Morphling,Tusk,Faceless Void,Jakiro,Tidehunter,Sniper,Outworld Destroyer,Ursa,Beastmaster,Tiny,Naga Siren
,Game 1: 6809719707,beastcoast,TSM,The Radiant,The Dire,1st Pick,,bc,Shadow Fiend,Primal Beast,Undying,Marci,Clockwerk,Leshrac,Snapfire,Nyx Assassin,Beastmaster,Lina,Visage,Pangolier,Broodmother,Sniper,Omniknight,Puck,Brewmaster,Slark,Night Stalker,Terrorblade,Lycan,Morphling,Luna,Enigma
,Game 2: 6809783372,beastcoast,TSM,The Dire,The Radiant,,1st Pick,bc,Nyx Assassin,Marci,Shadow Fiend,Undying,Primal Beast,Clockwerk,Leshrac,Broodmother,Naga Siren,Invoker,Mars,Puck,Sven,Pangolier,Crystal Maiden,Hoodwink,Shadow Demon,Ember Spirit,Terrorblade,Morphling,Templar Assassin,Lifestealer,Luna,Faceless Void
,Game 1: 6809576271,Team Liquid,OG,The Dire,The Radiant,1st Pick,,Liquid,Razor,Undying,Primal Beast,Marci,Enigma,Silencer,Pangolier,Shadow Fiend,Drow Ranger,Beastmaster,Mars,Tusk,Naga Siren,Slark,Enchantress,Clockwerk,Witch Doctor,Templar Assassin,Tidehunter,Faceless Void,Viper,Monkey King,Pudge,Batrider
,Game 2: 6809741589,Team Liquid,OG,The Radiant,The Dire,,1st Pick,Liquid,Primal Beast,Marci,Enigma,Morphling,Undying,Shadow Fiend,Snapfire,Arc Warden,Beastmaster,Batrider,Lone Druid,Mars,Faceless Void,Viper,Tusk,Razor,Earthshaker,Broodmother,Venomancer,Naga Siren,Pangolier,Tidehunter,Magnus,Death Prophet
,Game 1: 6809665094,Fnatic,Talon,The Radiant,The Dire,,1st Pick,TLN,Enigma,Doom,Shadow Fiend,Marci,Nyx Assassin,Undying,Tiny,Leshrac,Sniper,Snapfire,Lina,Morphling,Pudge,Bloodseeker,Pangolier,Beastmaster,Enchantress,Terrorblade,Viper,Drow Ranger,Visage,Faceless Void,Slark,Primal Beast
,Game 2: 6809742301,Fnatic,Talon,The Radiant,The Dire,,1st Pick,TLN,Enigma,Doom,Shadow Fiend,Marci,Nyx Assassin,Undying,Tiny,Leshrac,Sniper,Beastmaster,Lina,Snapfire,Pudge,Slark,Puck,Disruptor,Dawnbreaker,Lifestealer,Visage,Faceless Void,Death Prophet,Morphling,Razor,Batrider
,Game 1: 6809701946,Team Aster,Thunder Awaken,The Dire,The Radiant,1st Pick,,THUNDER,Dawnbreaker,Broodmother,Enigma,Primal Beast,Marci,Tiny,Crystal Maiden,Visage,Monkey King,Drow Ranger,Pudge,Death Prophet,Batrider,Undying,Nyx Assassin,Clockwerk,Shadow Fiend,Dark Seer,Morphling,Lifestealer,Lone Druid,Faceless Void,Juggernaut,Templar Assassin
,Game 2: 6809743691,Team Aster,Thunder Awaken,The Dire,The Radiant,,1st Pick,Aster,Primal Beast,Dawnbreaker,Broodmother,Marci,Nyx Assassin,Tiny,Visage,Pudge,Lifestealer,Enigma,Undying,Dark Seer,Slark,Crystal Maiden,Snapfire,Brewmaster,Silencer,Ursa,Death Prophet,Shadow Fiend,Queen of Pain,Batrider,Ember Spirit,Omniknight
,Game 1: 6809580040,Thiuth Gaming,BetBoom Team,The Dire,The Radiant,,1st Pick,BetBoom,Leshrac,Enigma,Marci,Primal Beast,Nyx Assassin,Tiny,Shadow Fiend,Sniper,Broodmother,Batrider,Undying,Visage,Ember Spirit,Beastmaster,Vengeful Spirit,Silencer,Dawnbreaker,Monkey King,Mars,Viper,Centaur Warrunner,Venomancer,Zeus,Slardar
,Game 2: 6809656584,Thiuth Gaming,BetBoom Team,The Radiant,The Dire,,1st Pick,THIU,Shadow Fiend,Enigma,Leshrac,Batrider,Marci,Primal Beast,Lich,Pangolier,Bloodseeker,Beastmaster,Ember Spirit,Visage,Morphling,Kunkka,Puck,Shadow Shaman,Nature's Prophet,Grimstroke,Monkey King,Night Stalker,Faceless Void,Doom,Zeus,Spectre
,Game 1: 6809612544,Shopify Rebellion,Gaimin Gladiators,The Radiant,The Dire,1st Pick,,SR,Enchantress,Shadow Fiend,Enigma,Leshrac,Primal Beast,Marci,Disruptor,Broodmother,Naga Siren,Undying,Tidehunter,Hoodwink,Ember Spirit,Bloodseeker,Pangolier,Shadow Shaman,Sven,Drow Ranger,Underlord,Pudge,Timbersaw,Sniper,Terrorblade,Brewmaster
,Game 2: 6809660879,Shopify Rebellion,Gaimin Gladiators,The Radiant,The Dire,1st Pick,,SR,Enchantress,Broodmother,Marci,Beastmaster,Shadow Fiend,Primal Beast,Snapfire,Sven,Sniper,Disruptor,Morphling,Rubick,Batrider,Mars,Undying,Ember Spirit,Enigma,Drow Ranger,Tidehunter,Tiny,Storm Spirit,Tusk,Mirana,Visage
,Game 1: 6809561963,Knights,Ukumari,The Radiant,The Dire,,1st Pick,Uku,Lich,Marci,Nyx Assassin,Undying,Shadow Fiend,Enigma,Tiny,Silencer,Lina,Tidehunter,Leshrac,Beastmaster,Morphling,Rubick,Disruptor,Clockwerk,Pangolier,Bloodseeker,Puck,Broodmother,Queen of Pain,Brewmaster,Mars,Ember Spirit
,Game 2: 6809638522,Knights,Ukumari,The Radiant,The Dire,,1st Pick,Uku,Lich,Marci,Nyx Assassin,Shadow Fiend,Undying,Snapfire,Broodmother,Pangolier,Bloodseeker,Naga Siren,Queen of Pain,Beastmaster,Puck,Magnus,Bane,Tidehunter,Hoodwink,Void Spirit,Slark,Sven,Terrorblade,Templar Assassin,Medusa,Anti-Mage
,Game 1: 6809585544,PSG.LGD,BOOM Esports,The Radiant,The Dire,1st Pick,,PSG.LGD,Chen,Undying,Enigma,Marci,Primal Beast,Mars,Dark Willow,Leshrac,Lina,Visage,Ember Spirit,Death Prophet,Kunkka,Faceless Void,Invoker,Io,Sven,Ancient Apparition,Pudge,Beastmaster,Lifestealer,Brewmaster,Earthshaker,Morphling
,Game 2: 6809621786,PSG.LGD,BOOM Esports,The Dire,The Radiant,1st Pick,,PSG.LGD,Chen,Primal Beast,Enigma,Leshrac,Marci,Undying,Hoodwink,Shadow Fiend,Terrorblade,Pangolier,Sniper,Visage,Mars,Beastmaster,Death Prophet,Broodmother,Disruptor,Templar Assassin,Batrider,Invoker,Naga Siren,Ember Spirit,Storm Spirit,Tiny
,Game 1: 6809499025,Fnatic,Team Aster,The Radiant,The Dire,1st Pick,,Fnatic,Snapfire,Marci,Winter Wyvern,Pangolier,Enigma,Primal Beast,Silencer,Tiny,Visage,Batrider,Templar Assassin,Leshrac,Broodmother,Queen of Pain,Brewmaster,Undying,Slark,Naga Siren,Morphling,Shadow Fiend,Faceless Void,Ember Spirit,Hoodwink,Death Prophet
,Game 2: 6809556554,Fnatic,Team Aster,The Radiant,The Dire,1st Pick,,Fnatic,Snapfire,Pangolier,Winter Wyvern,Marci,Enigma,Silencer,Primal Beast,Tiny,Visage,Batrider,Templar Assassin,Queen of Pain,Broodmother,Morphling,Leshrac,Undying,Terrorblade,Drow Ranger,Dark Seer,Hoodwink,Naga Siren,Invoker,Sniper,Magnus
,Game 1: 6809506315,beastcoast,Talon,The Radiant,The Dire,,1st Pick,bc,Primal Beast,Doom,Enigma,Pangolier,Marci,Shadow Fiend,Clockwerk,Morphling,Ancient Apparition,Puck,Ursa,Beastmaster,Silencer,Leshrac,Crystal Maiden,Undying,Dawnbreaker,Naga Siren,Batrider,Zeus,Timbersaw,Ember Spirit,Queen of Pain,Visage
,Game 2: 6809547720,beastcoast,Talon,The Dire,The Radiant,,1st Pick,bc,Primal Beast,Doom,Silencer,Pangolier,Enigma,Marci,Shadow Fiend,Tusk,Enchantress,Queen of Pain,Sven,Puck,Gyrocopter,Leshrac,Vengeful Spirit,Batrider,Crystal Maiden,Naga Siren,Visage,Faceless Void,Tidehunter,Pudge,Monkey King,Venomancer
,Game 1: 6809501366,TSM,Entity,The Radiant,The Dire,,1st Pick,TSM,Shadow Fiend,Marci,Enigma,Nyx Assassin,Silencer,Leshrac,Omniknight,Drow Ranger,Mars,Invoker,Beastmaster,Lina,Lycan,Visage,Hoodwink,Naga Siren,Pangolier,Axe,Pudge,Death Prophet,Slark,Phoenix,Tiny,Monkey King
,Game 2: 6809539681,TSM,Entity,The Radiant,The Dire,1st Pick,,Entity,Nyx Assassin,Shadow Fiend,Leshrac,Marci,Enigma,Tiny,Arc Warden,Pangolier,Silencer,Clockwerk,Bloodseeker,Rubick,Gyrocopter,Undying,Jakiro,Dazzle,Legion Commander,Lone Druid,Death Prophet,Morphling,Dark Seer,Drow Ranger,Naga Siren,Brewmaster
,Game 1: 6809483969,Team Secret,Team Spirit,The Radiant,The Dire,1st Pick,,TSpirit,Enigma,Marci,Undying,Shadow Fiend,Primal Beast,Nyx Assassin,Leshrac,Chen,Crystal Maiden,Sniper,Faceless Void,Pangolier,Morphling,Monkey King,Clockwerk,Shadow Shaman,Tiny,Doom,Drow Ranger,Slardar,Lifestealer,Lone Druid,Ursa,Troll Warlord
,Game 2: 6809523804,Team Secret,Team Spirit,The Radiant,The Dire,,1st Pick,Secret,Shadow Fiend,Marci,Leshrac,Primal Beast,Clockwerk,Nyx Assassin,Enigma,Pangolier,Sniper,Gyrocopter,Monkey King,Rubick,Ember Spirit,Viper,Bane,Beastmaster,Silencer,Bloodseeker,Zeus,Naga Siren,Storm Spirit,Terrorblade,Spectre,Kunkka
,Game 1: 6809481249,Thunder Awaken,Tundra Esports,The Radiant,The Dire,,1st Pick,THUNDER,Tiny,Doom,Nyx Assassin,Broodmother,Undying,Marci,Dawnbreaker,Beastmaster,Monkey King,Silencer,Sniper,Pangolier,Weaver,Faceless Void,Crystal Maiden,Snapfire,Chaos Knight,Gyrocopter,Ember Spirit,Tusk,Kunkka,Visage,Invoker,Alchemist
,Game 2: 6809522859,Thunder Awaken,Tundra Esports,The Radiant,The Dire,1st Pick,,Tundra,Doom,Tiny,Broodmother,Nyx Assassin,Marci,Crystal Maiden,Undying,Dawnbreaker,Silencer,Gyrocopter,Beastmaster,Monkey King,Enigma,Pangolier,Visage,Luna,Dazzle,Slark,Ember Spirit,Leshrac,Puck,Kunkka,Zeus,Primal Beast
,Game 1: 6809419010,OG,Ukumari,The Radiant,The Dire,,1st Pick,OG,Razor,Marci,Primal Beast,Undying,Shadow Fiend,Viper,Earthshaker,Beastmaster,Enchantress,Clockwerk,Pudge,Pangolier,Naga Siren,Abaddon,Chen,Mirana,Dazzle,Broodmother,Lina,Kunkka,Invoker,Batrider,Chaos Knight,Tinker
,Game 2: 6809455169,OG,Ukumari,The Radiant,The Dire,,1st Pick,Uku,Primal Beast,Marci,Viper,Morphling,Undying,Razor,Snapfire,Faceless Void,Puck,Beastmaster,Slardar,Silencer,Naga Siren,Enigma,Earth Spirit,Hoodwink,Broodmother,Alchemist,Ember Spirit,Invoker,Kunkka,Pangolier,Zeus,Void Spirit
,Game 1: 6809417173,Team Liquid,Gaimin Gladiators,The Radiant,The Dire,,1st Pick,GG,Enigma,Primal Beast,Undying,Marci,Shadow Fiend,Leshrac,Tiny,Enchantress,Drow Ranger,Pangolier,Pudge,Beastmaster,Morphling,Tusk,Lich,Underlord,Disruptor,Lifestealer,Batrider,Ember Spirit,Puck,Storm Spirit,Ursa,Venomancer
,Game 2: 6809462072,Team Liquid,Gaimin Gladiators,The Dire,The Radiant,,1st Pick,Liquid,Undying,Marci,Enigma,Shadow Fiend,Primal Beast,Clockwerk,Leshrac,Enchantress,Lone Druid,Drow Ranger,Pudge,Morphling,Shadow Demon,Invoker,Witch Doctor,Faceless Void,Snapfire,Centaur Warrunner,Naga Siren,Beastmaster,Templar Assassin,Broodmother,Pangolier,Sniper
,Game 1: 6809417403,Thiuth Gaming,BOOM Esports,The Dire,The Radiant,,1st Pick,THIU,Marci,Primal Beast,Leshrac,Morphling,Shadow Fiend,Enigma,Tiny,Silencer,Lina,Pangolier,Snapfire,Mars,Terrorblade,Ember Spirit,Undying,Tusk,Death Prophet,Sniper,Batrider,Broodmother,Void Spirit,Kunkka,Puck,Monkey King
,Game 2: 6809456477,Thiuth Gaming,BOOM Esports,The Dire,The Radiant,1st Pick,,THIU,Clockwerk,Marci,Undying,Enigma,Primal Beast,Shadow Fiend,Tiny,Morphling,Ancient Apparition,Leshrac,Batrider,Lina,Beastmaster,Snapfire,Disruptor,Visage,Elder Titan,Pudge,Doom,Death Prophet,Brewmaster,Sniper,Invoker,Phoenix
,Game 1: 6809417360,Shopify Rebellion,BetBoom Team,The Radiant,The Dire,1st Pick,,SR,Enigma,Broodmother,Marci,Shadow Fiend,Primal Beast,Clockwerk,Visage,Snapfire,Leshrac,Faceless Void,Batrider,Ember Spirit,Silencer,Bloodseeker,Pangolier,Pudge,Sven,Vengeful Spirit,Dawnbreaker,Sniper,Timbersaw,Undying,Templar Assassin,Slardar
,Game 2: 6809454703,Shopify Rebellion,BetBoom Team,The Dire,The Radiant,,1st Pick,SR,Shadow Fiend,Batrider,Faceless Void,Enigma,Primal Beast,Marci,Razor,Nature's Prophet,Ember Spirit,Lich,Broodmother,Sniper,Templar Assassin,Leshrac,Crystal Maiden,Spirit Breaker,Silencer,Naga Siren,Invoker,Zeus,Storm Spirit,Pangolier,Queen of Pain,Puck
,Game 1: 6809420587,PSG.LGD,Knights,The Radiant,The Dire,1st Pick,,PSG.LGD,Enigma,Undying,Tiny,Marci,Primal Beast,Shadow Fiend,Nyx Assassin,Chen,Death Prophet,Nature's Prophet,Broodmother,Drow Ranger,Batrider,Terrorblade,Snapfire,Monkey King,Beastmaster,Pangolier,Venomancer,Bloodseeker,Viper,Ember Spirit,Dark Willow,Jakiro
,Game 1: 6808292501,Team Spirit,TSM,The Radiant,The Dire,1st Pick,,TSM,Enigma,Primal Beast,Broodmother,Pangolier,Marci,Undying,Shadow Fiend,Drow Ranger,Sniper,Visage,Mars,Mirana,Beastmaster,Hoodwink,Crystal Maiden,Bane,Lina,Dawnbreaker,Phantom Assassin,Centaur Warrunner,Storm Spirit,Magnus,Slardar,Naga Siren
,Game 2: 6808433308,Team Spirit,TSM,The Dire,The Radiant,,1st Pick,TSpirit,Primal Beast,Enigma,Leshrac,Marci,Undying,Snapfire,Pangolier,Shadow Fiend,Drow Ranger,Bloodseeker,Sniper,Ember Spirit,Magnus,Puck,Enchantress,Crystal Maiden,Dawnbreaker,Morphling,Slardar,Slark,Beastmaster,Pudge,Lone Druid,Mars
,Game 1: 6808348917,Team Aster,beastcoast,The Dire,The Radiant,1st Pick,,Aster,Silencer,Shadow Fiend,Primal Beast,Enigma,Marci,Tiny,Lich,Visage,Chaos Knight,Leshrac,Juggernaut,Lone Druid,Faceless Void,Bloodseeker,Pangolier,Puck,Bane,Sven,Batrider,Morphling,Dark Seer,Lifestealer,Luna,Magnus
,Game 2: 6808446343,Team Aster,beastcoast,The Dire,The Radiant,1st Pick,,Aster,Silencer,Enigma,Primal Beast,Shadow Fiend,Marci,Snapfire,Tiny,Broodmother,Batrider,Puck,Pangolier,Queen of Pain,Sven,Invoker,Monkey King,Lich,Leshrac,Pudge,Shadow Demon,Ursa,Venomancer,Razor,Lifestealer,Beastmaster
,Game 1: 6808300252,Fnatic,Entity,The Dire,The Radiant,1st Pick,,Entity,Broodmother,Pangolier,Visage,Batrider,Nyx Assassin,Marci,Arc Warden,Primal Beast,Clockwerk,Enigma,Pudge,Drow Ranger,Beastmaster,Silencer,Disruptor,Zeus,Nature's Prophet,Lone Druid,Naga Siren,Terrorblade,Brewmaster,Morphling,Alchemist,Undying
,Game 2: 6808416013,Fnatic,Entity,The Radiant,The Dire,,1st Pick,Fnatic,Tiny,Arc Warden,Enigma,Bloodseeker,Nyx Assassin,Pangolier,Disruptor,Invoker,Marci,Beastmaster,Lone Druid,Broodmother,Drow Ranger,Morphling,Undying,Shadow Fiend,Silencer,Terrorblade,Visage,Naga Siren,Viper,Brewmaster,Legion Commander,Monkey King
,Game 1: 6808272936,Thunder Awaken,Talon,The Radiant,The Dire,1st Pick,,THUNDER,Doom,Batrider,Pangolier,Marci,Nyx Assassin,Clockwerk,Visage,Enigma,Gyrocopter,Morphling,Silencer,Troll Warlord,Kunkka,Lone Druid,Rubick,Undying,Pudge,Ursa,Lina,Templar Assassin,Queen of Pain,Shadow Fiend,Tiny,Void Spirit
,Game 2: 6808373109,Thunder Awaken,Talon,The Radiant,The Dire,,1st Pick,THUNDER,Tiny,Doom,Enigma,Nyx Assassin,Shadow Fiend,Marci,Dawnbreaker,Undying,Batrider,Silencer,Drow Ranger,Faceless Void,Morphling,Puck,Dazzle,Pangolier,Earthshaker,Ember Spirit,Templar Assassin,Lina,Phantom Assassin,Queen of Pain,Death Prophet,Pudge
,Game 1: 6808247109,Team Secret,Tundra Esports,The Radiant,The Dire,,1st Pick,Tundra,Shadow Fiend,Marci,Primal Beast,Doom,Undying,Enigma,Clockwerk,Beastmaster,Sniper,Gyrocopter,Monkey King,Terrorblade,Bloodseeker,Ember Spirit,Pangolier,Tusk,Crystal Maiden,Morphling,Leshrac,Drow Ranger,Viper,Luna,Naga Siren,Timbersaw
,Game 2: 6808330940,Team Secret,Tundra Esports,The Dire,The Radiant,1st Pick,,Tundra,Enigma,Primal Beast,Undying,Shadow Fiend,Marci,Crystal Maiden,Tiny,Morphling,Ancient Apparition,Monkey King,Ursa,Enchantress,Broodmother,Sniper,Outworld Destroyer,Batrider,Witch Doctor,Tidehunter,Slark,Razor,Naga Siren,Huskar,Doom,Chaos Knight
,Game 1: 6808134162,BOOM Esports,BetBoom Team,The Radiant,The Dire,,1st Pick,BOOM,Snapfire,Visage,Marci,Enigma,Undying,Shadow Fiend,Primal Beast,Pangolier,Ember Spirit,Morphling,Mars,Sniper,Bloodseeker,Faceless Void,Hoodwink,Beastmaster,Skywrath Mage,Enchantress,Pudge,Lone Druid,Kunkka,Nature's Prophet,Troll Warlord,Tidehunter
,Game 2: 6808255902,BOOM Esports,BetBoom Team,The Radiant,The Dire,1st Pick,,BetBoom,Enigma,Shadow Fiend,Visage,Batrider,Undying,Nature's Prophet,Primal Beast,Ember Spirit,Beastmaster,Morphling,Death Prophet,Tidehunter,Enchantress,Pangolier,Silencer,Mars,Hoodwink,Leshrac,Riki,Templar Assassin,Earth Spirit,Sniper,Drow Ranger,Marci
,Game 1: 6808122743,Knights,Gaimin Gladiators,The Radiant,The Dire,,1st Pick,Knights,Tiny,Marci,Enigma,Primal Beast,Shadow Fiend,Leshrac,Nyx Assassin,Enchantress,Lich,Pangolier,Lone Druid,Beastmaster,Broodmother,Brewmaster,Snapfire,Earthshaker,Visage,Morphling,Batrider,Drow Ranger,Mars,Kunkka,Luna,Dark Seer
,Game 2: 6808212619,Knights,Gaimin Gladiators,The Dire,The Radiant,1st Pick,,Knights,Primal Beast,Leshrac,Brewmaster,Tiny,Marci,Enigma,Earthshaker,Shadow Fiend,Drow Ranger,Broodmother,Pangolier,Rubick,Morphling,Visage,Silencer,Beastmaster,Vengeful Spirit,Troll Warlord,Batrider,Kunkka,Puck,Invoker,Storm Spirit,Ember Spirit
,Game 1: 6808106195,PSG.LGD,Team Liquid,The Radiant,The Dire,1st Pick,,PSG.LGD,Shadow Fiend,Marci,Pudge,Pangolier,Enigma,Primal Beast,Undying,Tiny,Sniper,Chen,Naga Siren,Snapfire,Visage,Drow Ranger,Leshrac,Lina,Disruptor,Beastmaster,Terrorblade,Lone Druid,Morphling,Ursa,Lifestealer,Bristleback
,Game 2: 6808199906,PSG.LGD,Team Liquid,The Radiant,The Dire,1st Pick,,PSG.LGD,Shadow Fiend,Marci,Primal Beast,Ember Spirit,Enigma,Undying,Pangolier,Tiny,Visage,Snapfire,Terrorblade,Lina,Naga Siren,Disruptor,Rubick,Phoenix,Puck,Sniper,Beastmaster,Slark,Venomancer,Ursa,Morphling,Axe
,Game 1: 6808093633,OG,Thiuth Gaming,The Dire,The Radiant,1st Pick,,OG,Undying,Marci,Enigma,Razor,Clockwerk,Primal Beast,Snapfire,Morphling,Ancient Apparition,Mars,Beastmaster,Invoker,Broodmother,Queen of Pain,Batrider,Oracle,Ember Spirit,Death Prophet,Ursa,Bloodseeker,Slark,Centaur Warrunner,Sand King,Drow Ranger
,Game 2: 6808178906,OG,Thiuth Gaming,The Radiant,The Dire,,1st Pick,OG,Razor,Undying,Clockwerk,Enigma,Marci,Primal Beast,Oracle,Morphling,Ancient Apparition,Shadow Demon,Naga Siren,Death Prophet,Huskar,Enchantress,Timbersaw,Crystal Maiden,Ember Spirit,Jakiro,Drow Ranger,Brewmaster,Sniper,Pangolier,Mirana,Lone Druid
,Game 1: 6808093837,Shopify Rebellion,Ukumari,The Dire,The Radiant,1st Pick,,SR,Enigma,Marci,Clockwerk,Broodmother,Shadow Fiend,Morphling,Ancient Apparition,Beastmaster,Pudge,Primal Beast,Tidehunter,Silencer,Kunkka,Undying,Sven,Ogre Magi,Skywrath Mage,Pangolier,Venomancer,Bloodseeker,Visage,Void Spirit,Storm Spirit,Tiny
,Game 2: 6808167860,Shopify Rebellion,Ukumari,The Radiant,The Dire,1st Pick,,SR,Enigma,Marci,Clockwerk,Primal Beast,Shadow Fiend,Undying,Snapfire,Broodmother,Naga Siren,Hoodwink,Tidehunter,Skywrath Mage,Pangolier,Ancient Apparition,Morphling,Shadow Shaman,Ogre Magi,Axe,Kunkka,Monkey King,Zeus,Puck,Invoker,Void Spirit
,Game 1: 6807935361,Tundra Esports,Talon,The Dire,The Radiant,1st Pick,,Tundra,Primal Beast,Broodmother,Shadow Fiend,Marci,Doom,Pangolier,Grimstroke,Silencer,Templar Assassin,Bloodseeker,Batrider,Leshrac,Monkey King,Puck,Clockwerk,Kunkka,Hoodwink,Lone Druid,Visage,Drow Ranger,Beastmaster,Ursa,Naga Siren,Dark Seer
,Game 2: 6808042242,Tundra Esports,Talon,The Radiant,The Dire,,1st Pick,Tundra,Broodmother,Shadow Fiend,Undying,Doom,Marci,Pangolier,Visage,Ember Spirit,Tiny,Bloodseeker,Naga Siren,Templar Assassin,Drow Ranger,Monkey King,Crystal Maiden,Morphling,Silencer,Clockwerk,Ursa,Tidehunter,Lone Druid,Primal Beast,Brewmaster,Chaos Knight
,Game 1: 6807946326,Team Secret,TSM,The Dire,The Radiant,,1st Pick,Secret,Leshrac,Marci,Silencer,Primal Beast,Chen,Shadow Fiend,Nyx Assassin,Drow Ranger,Broodmother,Tiny,Mirana,Enigma,Naga Siren,Tusk,Crystal Maiden,Visage,Earthshaker,Dawnbreaker,Monkey King,Templar Assassin,Viper,Puck,Queen of Pain,Sniper
,Game 2: 6808030636,Team Secret,TSM,The Radiant,The Dire,1st Pick,,Secret,Enigma,Marci,Tiny,Primal Beast,Shadow Fiend,Broodmother,Sniper,Nyx Assassin,Vengeful Spirit,Mars,Undying,Ember Spirit,Hoodwink,Pangolier,Chen,Crystal Maiden,Dawnbreaker,Monkey King,Silencer,Batrider,Winter Wyvern,Storm Spirit,Mirana,Morphling
,Game 1: 6807938213,Team Aster,Entity,The Radiant,The Dire,1st Pick,,Entity,Leshrac,Primal Beast,Pudge,Marci,Snapfire,Broodmother,Nyx Assassin,Shadow Fiend,Arc Warden,Beastmaster,Drow Ranger,Pangolier,Sniper,Brewmaster,Silencer,Omniknight,Mars,Morphling,Invoker,Storm Spirit,Puck,Slark,Lone Druid,Batrider
,Game 2: 6808028757,Team Aster,Entity,The Dire,The Radiant,1st Pick,,Aster,Leshrac,Primal Beast,Arc Warden,Marci,Clockwerk,Broodmother,Silencer,Shadow Fiend,Drow Ranger,Pangolier,Morphling,Brewmaster,Sniper,Mars,Sven,Omniknight,Pudge,Medusa,Batrider,Dark Seer,Invoker,Tidehunter,Magnus,Tinker
,Game 1: 6807936112,Team Spirit,Thunder Awaken,The Dire,The Radiant,,1st Pick,THUNDER,Primal Beast,Tiny,Clockwerk,Batrider,Nyx Assassin,Marci,Undying,Enigma,Gyrocopter,Zeus,Kunkka,Ember Spirit,Rubick,Bloodseeker,Pangolier,Bane,Storm Spirit,Drow Ranger,Beastmaster,Sniper,Silencer,Phantom Assassin,Faceless Void,Night Stalker
,Game 2: 6808012161,Team Spirit,Thunder Awaken,The Dire,The Radiant,1st Pick,,TSpirit,Undying,Primal Beast,Dawnbreaker,Nyx Assassin,Tiny,Marci,Crystal Maiden,Enigma,Gyrocopter,Morphling,Pudge,Faceless Void,Zeus,Ember Spirit,Kunkka,Pangolier,Jakiro,Batrider,Bane,Slark,Rubick,Lifestealer,Troll Warlord,Tidehunter
,Game 1: 6807939991,Fnatic,beastcoast,The Dire,The Radiant,,1st Pick,Fnatic,Death Prophet,Primal Beast,Silencer,Enigma,Undying,Marci,Enchantress,Batrider,Oracle,Tiny,Invoker,Tusk,Slark,Bloodseeker,Pangolier,Earthshaker,Lina,Lifestealer,Puck,Morphling,Storm Spirit,Faceless Void,Juggernaut,Hoodwink
,Game 2: 6808011785,Fnatic,beastcoast,The Dire,The Radiant,,1st Pick,Fnatic,Silencer,Enigma,Death Prophet,Primal Beast,Marci,Tiny,Lich,Pangolier,Bloodseeker,Batrider,Lifestealer,Snapfire,Lina,Sniper,Puck,Kunkka,Shadow Shaman,Templar Assassin,Outworld Destroyer,Troll Warlord,Legion Commander,Beastmaster,Medusa,Tidehunter
,Game 1: 6807826682,Knights,Thiuth Gaming,The Dire,The Radiant,1st Pick,,Knights,Primal Beast,Enigma,Lina,Shadow Fiend,Marci,Lich,Leshrac,Disruptor,Monkey King,Broodmother,Naga Siren,Visage,Pangolier,Sniper,Spirit Breaker,Death Prophet,Batrider,Slark,Beastmaster,Morphling,Lycan,Bloodseeker,Drow Ranger,Centaur Warrunner
,Game 2: 6807900926,Knights,Thiuth Gaming,The Dire,The Radiant,,1st Pick,Knights,Enigma,Primal Beast,Lina,Marci,Shadow Fiend,Lich,Tiny,Undying,Morphling,Monkey King,Broodmother,Beastmaster,Batrider,Pangolier,Leshrac,Rubick,Doom,Visage,Ursa,Ember Spirit,Slark,Invoker,Void Spirit,Lone Druid
,Game 1: 6807826416,BOOM Esports,Gaimin Gladiators,The Radiant,The Dire,,1st Pick,GG,Snapfire,Morphling,Primal Beast,Enchantress,Marci,Tiny,Enigma,Shadow Fiend,Faceless Void,Crystal Maiden,Drow Ranger,Silencer,Mars,Brewmaster,Lich,Rubick,Pangolier,Batrider,Slark,Kunkka,Ursa,Tidehunter,Beastmaster,Phantom Assassin
,Game 2: 6807892967,BOOM Esports,Gaimin Gladiators,The Radiant,The Dire,,1st Pick,BOOM,Snapfire,Morphling,Primal Beast,Shadow Fiend,Marci,Undying,Hoodwink,Enchantress,Weaver,Enigma,Puck,Lone Druid,Kunkka,Broodmother,Mars,Brewmaster,Storm Spirit,Pudge,Lina,Ursa,Templar Assassin,Lifestealer,Faceless Void,Tiny
,Game 1: 6807805121,Shopify Rebellion,Team Liquid,The Dire,The Radiant,1st Pick,,Liquid,Clockwerk,Primal Beast,Enigma,Marci,Undying,Shadow Fiend,Snapfire,Broodmother,Naga Siren,Invoker,Tidehunter,Drow Ranger,Pangolier,Sniper,Spirit Breaker,Queen of Pain,Hoodwink,Pudge,Venomancer,Ursa,Timbersaw,Morphling,Sven,Death Prophet
,Game 2: 6807886186,Shopify Rebellion,Team Liquid,The Radiant,The Dire,,1st Pick,Liquid,Shadow Fiend,Morphling,Primal Beast,Marci,Enigma,Enchantress,Faceless Void,Lone Druid,Snapfire,Clockwerk,Tidehunter,Pudge,Broodmother,Pangolier,Mirana,Tiny,Crystal Maiden,Lycan,Invoker,Naga Siren,Batrider,Kunkka,Leshrac,Lina
,Game 1: 6807818563,Ukumari,BetBoom Team,The Radiant,The Dire,,1st Pick,BetBoom,Enigma,Visage,Shadow Fiend,Morphling,Undying,Marci,Death Prophet,Pangolier,Templar Assassin,Terrorblade,Bloodseeker,Sniper,Puck,Broodmother,Snapfire,Beastmaster,Shadow Shaman,Pudge,Ember Spirit,Zeus,Batrider,Lina,Nature's Prophet,Kunkka
,Game 2: 6807880611,Ukumari,BetBoom Team,The Radiant,The Dire,1st Pick,,Uku,Visage,Marci,Enigma,Undying,Shadow Fiend,Primal Beast,Silencer,Pangolier,Bloodseeker,Clockwerk,Sniper,Beastmaster,Morphling,Pudge,Enchantress,Mirana,Abaddon,Queen of Pain,Nature's Prophet,Kunkka,Monkey King,Ember Spirit,Huskar,Ursa
,Game 1: 6807837834,PSG.LGD,OG,The Radiant,The Dire,1st Pick,,PSG.LGD,Clockwerk,Primal Beast,Chen,Marci,Undying,Razor,Elder Titan,Shadow Fiend,Batrider,Beastmaster,Snapfire,Enigma,Terrorblade,Visage,Pugna,Nyx Assassin,Pangolier,Faceless Void,Invoker,Broodmother,Ember Spirit,Lycan,Venomancer,Magnus
,Game 2: 6807886590,PSG.LGD,OG,The Radiant,The Dire,1st Pick,,PSG.LGD,Clockwerk,Marci,Chen,Undying,Primal Beast,Tiny,Oracle,Death Prophet,Batrider,Slark,Terrorblade,Beastmaster,Morphling,Nyx Assassin,Invoker,Pangolier,Dazzle,Shadow Fiend,Slardar,Faceless Void,Mars,Ursa,Nature's Prophet,Tidehunter
,Game 1: 6807718331,Fnatic,Team Secret,The Dire,The Radiant,1st Pick,,Secret,Nyx Assassin,Marci,Silencer,Batrider,Enigma,Primal Beast,Enchantress,Tiny,Monkey King,Undying,Dawnbreaker,Morphling,Razor,Faceless Void,Earth Spirit,Crystal Maiden,Bloodseeker,Viper,Templar Assassin,Invoker,Gyrocopter,Pangolier,Queen of Pain,Sniper
,Game 2: 6807776673,Fnatic,Team Secret,The Radiant,The Dire,1st Pick,,Fnatic,Nyx Assassin,Marci,Primal Beast,Batrider,Enigma,Enchantress,Leshrac,Pangolier,Bloodseeker,Tiny,Templar Assassin,Shadow Fiend,Monkey King,Clockwerk,Earth Spirit,Undying,Terrorblade,Zeus,Faceless Void,Kunkka,Razor,Puck,Tusk,Morphling
,Game 1: 6807721747,Team Spirit,Talon,The Radiant,The Dire,,1st Pick,TLN,Primal Beast,Marci,Leshrac,Pangolier,Undying,Nyx Assassin,Invoker,Doom,Enigma,Clockwerk,Enchantress,Ember Spirit,Morphling,Faceless Void,Witch Doctor,Tiny,Visage,Beastmaster,Naga Siren,Kunkka,Phantom Lancer,Batrider,Templar Assassin,Terrorblade
,Game 2: 6807772726,Team Spirit,Talon,The Dire,The Radiant,,1st Pick,TSpirit,Primal Beast,Pangolier,Leshrac,Doom,Marci,Undying,Shadow Fiend,Enigma,Rubick,Faceless Void,Enchantress,Morphling,Winter Wyvern,Sniper,Vengeful Spirit,Drow Ranger,Tusk,Mars,Sven,Puck,Weaver,Storm Spirit,Queen of Pain,Gyrocopter
,Game 1: 6807722622,Thunder Awaken,Entity,The Radiant,The Dire,,1st Pick,Entity,Tiny,Visage,Dawnbreaker,Undying,Marci,Crystal Maiden,Mars,Leshrac,Nyx Assassin,Clockwerk,Pudge,Silencer,Monkey King,Brewmaster,Ancient Apparition,Broodmother,Jakiro,Legion Commander,Batrider,Ursa,Ember Spirit,Lina,Arc Warden,Sven
,Game 2: 6807772753,Thunder Awaken,Entity,The Radiant,The Dire,1st Pick,,Entity,Visage,Tiny,Silencer,Dawnbreaker,Marci,Nyx Assassin,Leshrac,Undying,Broodmother,Pudge,Jakiro,Enigma,Morphling,Drow Ranger,Ancient Apparition,Hoodwink,Zeus,Arc Warden,Lycan,Anti-Mage,Mirana,Faceless Void,Luna,Naga Siren
,Game 1: 6807714693,beastcoast,Tundra Esports,The Radiant,The Dire,,1st Pick,bc,Pangolier,Visage,Marci,Broodmother,Enigma,Silencer,Tiny,Earthshaker,Timbersaw,Chaos Knight,Shadow Fiend,Winter Wyvern,Batrider,Shadow Demon,Primal Beast,Ember Spirit,Oracle,Snapfire,Gyrocopter,Lifestealer,Phantom Lancer,Bloodseeker,Terrorblade,Sven
,Game 2: 6807768064,beastcoast,Tundra Esports,The Radiant,The Dire,1st Pick,,Tundra,Broodmother,Enigma,Visage,Primal Beast,Marci,Doom,Crystal Maiden,Chaos Knight,Necrophos,Shadow Fiend,Grimstroke,Timbersaw,Pangolier,Leshrac,Hoodwink,Dawnbreaker,Snapfire,Naga Siren,Batrider,Tinker,Outworld Destroyer,Phoenix,Underlord,Tiny
,Game 1: 6807716914,Team Aster,TSM,The Dire,The Radiant,1st Pick,,Aster,Enigma,Primal Beast,Chen,Leshrac,Marci,Shadow Fiend,Clockwerk,Drow Ranger,Broodmother,Batrider,Dark Seer,Queen of Pain,Sniper,Undying,Dark Willow,Visage,Sven,Mars,Pudge,Templar Assassin,Naga Siren,Zeus,Puck,Tiny
,Game 2: 6807758884,Team Aster,TSM,The Radiant,The Dire,1st Pick,,Aster,Enigma,Marci,Chen,Primal Beast,Snapfire,Rubick,Shadow Fiend,Drow Ranger,Dark Seer,Visage,Broodmother,Dawnbreaker,Sniper,Enchantress,Beastmaster,Sven,Leshrac,Ancient Apparition,Batrider,Lycan,Lifestealer,Tidehunter,Brewmaster,Pudge
,Game 1: 6806638898,Knights,BOOM Esports,The Dire,The Radiant,1st Pick,,Knights,Primal Beast,Shadow Fiend,Undying,Marci,Enigma,Silencer,Tusk,Tiny,Pangolier,Ursa,Death Prophet,Morphling,Beastmaster,Faceless Void,Tidehunter,Disruptor,Slark,Leshrac,Naga Siren,Puck,Bloodseeker,Lina,Ember Spirit,Pudge
,Game 2: 6806767627,Knights,BOOM Esports,The Dire,The Radiant,,1st Pick,Knights,Shadow Fiend,Primal Beast,Enigma,Undying,Marci,Tiny,Lich,Chen,Broodmother,Death Prophet,Batrider,Terrorblade,Morphling,Lina,Leshrac,Ember Spirit,Nyx Assassin,Lone Druid,Mars,Drow Ranger,Visage,Lifestealer,Sniper,Lycan
,Game 1: 6806663153,PSG.LGD,Thiuth Gaming,The Dire,The Radiant,,1st Pick,PSG.LGD,Enigma,Clockwerk,Visage,Undying,Primal Beast,Ember Spirit,Chen,Morphling,Ancient Apparition,Kunkka,Doom,Broodmother,Beastmaster,Witch Doctor,Centaur Warrunner,Leshrac,Abaddon,Drow Ranger,Death Prophet,Batrider,Grimstroke,Marci,Snapfire,Nyx Assassin
,Game 2: 6806790160,PSG.LGD,Thiuth Gaming,The Radiant,The Dire,1st Pick,,THIU,Clockwerk,Primal Beast,Undying,Enigma,Chen,Magnus,Mirana,Rubick,Ember Spirit,Slark,Kunkka,Morphling,Monkey King,Bloodseeker,Pangolier,Leshrac,Mars,Lifestealer,Enchantress,Ursa,Shadow Demon,Faceless Void,Templar Assassin,Death Prophet
,Game 1: 6806648571,Ukumari,Gaimin Gladiators,The Radiant,The Dire,1st Pick,,Uku,Primal Beast,Marci,Silencer,Morphling,Enigma,Rubick,Enchantress,Shadow Fiend,Drow Ranger,Undying,Broodmother,Tusk,Sniper,Clockwerk,Beastmaster,Tiny,Crystal Maiden,Templar Assassin,Invoker,Puck,Leshrac,Kunkka,Pudge,Batrider
,Game 2: 6806751717,Ukumari,Gaimin Gladiators,The Radiant,The Dire,,1st Pick,GG,Enigma,Primal Beast,Shadow Fiend,Marci,Enchantress,Undying,Weaver,Morphling,Ancient Apparition,Rubick,Drow Ranger,Visage,Slark,Broodmother,Lion,Silencer,Brewmaster,Sven,Puck,Ember Spirit,Lina,Invoker,Pangolier,Zeus
,Game 1: 6806534528,Shopify Rebellion,OG,The Radiant,The Dire,,1st Pick,SR,Primal Beast,Marci,Enchantress,Morphling,Clockwerk,Razor,Tusk,Terrorblade,Broodmother,Viper,Phoenix,Jakiro,Faceless Void,Invoker,Snapfire,Timbersaw,Dark Willow,Ursa,Batrider,Ember Spirit,Queen of Pain,Pangolier,Void Spirit,Leshrac
,Game 2: 6806662696,Shopify Rebellion,OG,The Dire,The Radiant,1st Pick,,SR,Clockwerk,Marci,Razor,Nyx Assassin,Primal Beast,Invoker,Dark Willow,Broodmother,Timbersaw,Chen,Tidehunter,Puck,Naga Siren,Silencer,Snapfire,Undying,Hoodwink,Troll Warlord,Centaur Warrunner,Morphling,Slardar,Lifestealer,Shadow Fiend,Mars
,Game 1: 6806547565,Team Liquid,BetBoom Team,The Radiant,The Dire,,1st Pick,Liquid,Snapfire,Enigma,Shadow Fiend,Visage,Marci,Undying,Primal Beast,Faceless Void,Lone Druid,Invoker,Viper,Pangolier,Naga Siren,Batrider,Beastmaster,Enchantress,Phoenix,Pudge,Slark,Sniper,Ursa,Lina,Zeus,Storm Spirit
,Game 2: 6806632563,Team Liquid,BetBoom Team,The Dire,The Radiant,1st Pick,,Liquid,Enigma,Marci,Visage,Undying,Primal Beast,Clockwerk,Shadow Fiend,Snapfire,Pangolier,Queen of Pain,Slardar,Sniper,Pudge,Enchantress,Beastmaster,Leshrac,Tidehunter,Batrider,Ancient Apparition,Faceless Void,Nyx Assassin,Slark,Naga Siren,Dazzle
,Game 1: 6806472970,Fnatic,Thunder Awaken,The Radiant,The Dire,1st Pick,,THUNDER,Hoodwink,Death Prophet,Silencer,Undying,Marci,Crystal Maiden,Tiny,Enigma,Kunkka,Batrider,Bristleback,Invoker,Dark Seer,Luna,Dawnbreaker,Zeus,Monkey King,Gyrocopter,Lion,Morphling,Snapfire,Faceless Void,Leshrac,Nyx Assassin
,Game 2: 6806566779,Fnatic,Thunder Awaken,The Radiant,The Dire,1st Pick,,THUNDER,Tiny,Undying,Hoodwink,Death Prophet,Marci,Crystal Maiden,Dawnbreaker,Batrider,Nyx Assassin,Enigma,Slark,Silencer,Faceless Void,Visage,Oracle,Centaur Warrunner,Templar Assassin,Pudge,Queen of Pain,Clockwerk,Puck,Enchantress,Razor,Zeus
,Game 1: 6806464370,Team Aster,Talon,The Dire,The Radiant,,1st Pick,Aster,Enigma,Marci,Undying,Shadow Fiend,Primal Beast,Clockwerk,Leshrac,Invoker,Broodmother,Visage,Monkey King,Silencer,Beastmaster,Nyx Assassin,Shadow Demon,Faceless Void,Snapfire,Morphling,Underlord,Venomancer,Viper,Ancient Apparition,Rubick,Brewmaster
,Game 2: 6806554071,Team Aster,Talon,The Dire,The Radiant,1st Pick,,Aster,Shadow Fiend,Marci,Pangolier,Enigma,Primal Beast,Visage,Clockwerk,Snapfire,Batrider,Morphling,Invoker,Lina,Sniper,Leshrac,Ember Spirit,Drow Ranger,Jakiro,Disruptor,Naga Siren,Brewmaster,Luna,Mars,Broodmother,Storm Spirit
,Game 1: 6806442183,TSM,Tundra Esports,The Dire,The Radiant,1st Pick,,TSM,Broodmother,Enigma,Doom,Morphling,Marci,Earthshaker,Visage,Shadow Fiend,Sniper,Pangolier,Drow Ranger,Primal Beast,Terrorblade,Tidehunter,Winter Wyvern,Warlock,Hoodwink,Luna,Queen of Pain,Batrider,Invoker,Tiny,Pudge,Mirana
,Game 2: 6806547123,TSM,Tundra Esports,The Dire,The Radiant,1st Pick,,Tundra,Doom,Enigma,Broodmother,Shadow Fiend,Marci,Tiny,Visage,Morphling,Drow Ranger,Pudge,Ancient Apparition,Pangolier,Naga Siren,Undying,Crystal Maiden,Warlock,Hoodwink,Chaos Knight,Lina,Ember Spirit,Batrider,Primal Beast,Brewmaster,Outworld Destroyer
,Game 1: 6806403033,Team Secret,beastcoast,The Radiant,The Dire,1st Pick,,Secret,Enigma,Marci,Shadow Fiend,Primal Beast,Chen,Enchantress,Centaur Warrunner,Morphling,Ancient Apparition,Ursa,Lina,Monkey King,Drow Ranger,Nyx Assassin,Snapfire,Earth Spirit,Leshrac,Bloodseeker,Batrider,Viper,Zeus,Dawnbreaker,Slardar,Puck
,Game 2: 6806481932,Team Secret,beastcoast,The Dire,The Radiant,,1st Pick,Secret,Nyx Assassin,Marci,Razor,Primal Beast,Enigma,Silencer,Earth Spirit,Shadow Fiend,Morphling,Tusk,Lina,Tiny,Batrider,Clockwerk,Sniper,Spirit Breaker,Slark,Leshrac,Bloodseeker,Mars,Dawnbreaker,Snapfire,Lycan,Slardar
,Game 1: 6806364123,Team Spirit,Entity,The Dire,The Radiant,1st Pick,,TSpirit,Undying,Primal Beast,Clockwerk,Marci,Nyx Assassin,Sven,Visage,Pangolier,Bloodseeker,Enigma,Shadow Fiend,Hoodwink,Ember Spirit,Slark,Silencer,Enchantress,Beastmaster,Pudge,Brewmaster,Morphling,Tiny,Terrorblade,Lifestealer,Invoker
,Game 2: 6806454246,Team Spirit,Entity,The Dire,The Radiant,1st Pick,,TSpirit,Undying,Primal Beast,Clockwerk,Nyx Assassin,Marci,Leshrac,Sven,Invoker,Batrider,Drow Ranger,Pangolier,Enigma,Ember Spirit,Rubick,Jakiro,Enchantress,Faceless Void,Broodmother,Morphling,Magnus,Pudge,Axe,Mars,Naga Siren
,Game 1: 6806282981,Team Liquid,Thiuth Gaming,The Dire,The Radiant,1st Pick,,THIU,Shadow Fiend,Marci,Enigma,Undying,Clockwerk,Snapfire,Leshrac,Morphling,Ancient Apparition,Sniper,Broodmother,Pudge,Naga Siren,Venomancer,Tiny,Witch Doctor,Centaur Warrunner,Monkey King,Visage,Invoker,Tidehunter,Batrider,Lycan,Magnus
,Game 2: 6806374409,Team Liquid,Thiuth Gaming,The Radiant,The Dire,,1st Pick,Liquid,Shadow Fiend,Marci,Enigma,Undying,Snapfire,Silencer,Primal Beast,Morphling,Beastmaster,Leshrac,Drow Ranger,Batrider,Pudge,Clockwerk,Nyx Assassin,Broodmother,Spirit Breaker,Naga Siren,Void Spirit,Ember Spirit,Mars,Zeus,Pangolier,Puck
,Game 1: 6806278486,Knights,BetBoom Team,The Radiant,The Dire,,1st Pick,Knights,Shadow Fiend,Enigma,Undying,Visage,Marci,Lich,Earthshaker,Batrider,Faceless Void,Pangolier,Broodmother,Silencer,Legion Commander,Leshrac,Puck,Beastmaster,Skywrath Mage,Tidehunter,Morphling,Monkey King,Weaver,Drow Ranger,Sniper,Naga Siren
,Game 2: 6806377510,Knights,BetBoom Team,The Dire,The Radiant,1st Pick,,Knights,Visage,Shadow Fiend,Enigma,Batrider,Marci,Lich,Primal Beast,Shadow Demon,Beastmaster,Puck,Pangolier,Broodmother,Sniper,Morphling,Riki,Leshrac,Centaur Warrunner,Zeus,Monkey King,Faceless Void,Slardar,Lifestealer,Anti-Mage,Lone Druid
,Game 1: 6806291706,OG,Gaimin Gladiators,The Dire,The Radiant,1st Pick,,OG,Enchantress,Marci,Primal Beast,Razor,Elder Titan,Brewmaster,Silencer,Slark,Faceless Void,Kunkka,Tiny,Viper,Beastmaster,Night Stalker,Dawnbreaker,Jakiro,Void Spirit,Ember Spirit,Bloodseeker,Mars,Shadow Fiend,Slardar,Timbersaw,Morphling
,Game 2: 6806365638,OG,Gaimin Gladiators,The Radiant,The Dire,,1st Pick,OG,Timbersaw,Marci,Jakiro,Enchantress,Primal Beast,Elder Titan,Razor,Morphling,Ancient Apparition,Beastmaster,Drow Ranger,Silencer,Invoker,Clockwerk,Snapfire,Disruptor,Enigma,Naga Siren,Void Spirit,Pangolier,Templar Assassin,Puck,Leshrac,Batrider
,Game 1: 6806244566,BOOM Esports,Ukumari,The Dire,The Radiant,,1st Pick,BOOM,Primal Beast,Marci,Kunkka,Morphling,Enigma,Silencer,Tusk,Pangolier,Bloodseeker,Terrorblade,Puck,Faceless Void,Shadow Fiend,Tiny,Death Prophet,Witch Doctor,Nyx Assassin,Mars,Alchemist,Chaos Knight,Pudge,Slark,Phantom Assassin,Templar Assassin
,Game 2: 6806322784,BOOM Esports,Ukumari,The Radiant,The Dire,1st Pick,,Uku,Morphling,Primal Beast,Undying,Marci,Snapfire,Nyx Assassin,Shadow Fiend,Magnus,Enigma,Faceless Void,Batrider,Pangolier,Rubick,Kunkka,Disruptor,Enchantress,Mars,Puck,Brewmaster,Templar Assassin,Venomancer,Phantom Assassin,Terrorblade,Timbersaw
,Game 1: 6806228770,PSG.LGD,Shopify Rebellion,The Radiant,The Dire,1st Pick,,SR,Undying,Morphling,Chen,Clockwerk,Marci,Primal Beast,Rubick,Visage,Naga Siren,Faceless Void,Pudge,Ember Spirit,Broodmother,Pangolier,Sven,Mars,Oracle,Shadow Fiend,Beastmaster,Terrorblade,Dawnbreaker,Drow Ranger,Luna,Enigma
,Game 2: 6806282012,PSG.LGD,Shopify Rebellion,The Radiant,The Dire,1st Pick,,SR,Undying,Morphling,Chen,Clockwerk,Primal Beast,Enchantress,Faceless Void,Doom,Batrider,Lone Druid,Invoker,Drow Ranger,Dawnbreaker,Shadow Fiend,Marci,Slark,Lich,Enigma,Lina,Pangolier,Tiny,Leshrac,Puck,Ember Spirit
,Game 1: 6806158709,TSM,Talon,The Dire,The Radiant,,1st Pick,TLN,Enigma,Morphling,Primal Beast,Marci,Shadow Fiend,Undying,Sniper,Pangolier,Bloodseeker,Broodmother,Queen of Pain,Lycan,Beastmaster,Visage,Puck,Earthshaker,Disruptor,Rubick,Mars,Ember Spirit,Night Stalker,Void Spirit,Doom,Dawnbreaker
,Game 2: 6806227577,TSM,Talon,The Radiant,The Dire,1st Pick,,TSM,Doom,Enigma,Shadow Fiend,Undying,Marci,Primal Beast,Enchantress,Morphling,Drow Ranger,Leshrac,Ancient Apparition,Ember Spirit,Naga Siren,Batrider,Puck,Tiny,Chen,Tidehunter,Pudge,Viper,Lone Druid,Outworld Destroyer,Death Prophet,Lina
,Game 1: 6806155276,Team Aster,Tundra Esports,The Dire,The Radiant,1st Pick,,Aster,Batrider,Enigma,Chen,Shadow Fiend,Marci,Earthshaker,Broodmother,Primal Beast,Shadow Demon,Monkey King,Oracle,Pangolier,Leshrac,Gyrocopter,Crystal Maiden,Jakiro,Luna,Tusk,Morphling,Templar Assassin,Terrorblade,Visage,Mars,Lifestealer
,Game 2: 6806205877,Team Aster,Tundra Esports,The Radiant,The Dire,,1st Pick,Tundra,Pangolier,Marci,Shadow Fiend,Broodmother,Enigma,Primal Beast,Winter Wyvern,Shadow Demon,Naga Siren,Monkey King,Visage,Leshrac,Morphling,Batrider,Puck,Earthshaker,Void Spirit,Brewmaster,Faceless Void,Slark,Phantom Assassin,Lifestealer,Ursa,Lone Druid
,Game 1: 6806146943,Fnatic,Team Spirit,The Radiant,The Dire,1st Pick,,TSpirit,Primal Beast,Enigma,Chen,Marci,Undying,Clockwerk,Leshrac,Death Prophet,Ancient Apparition,Ember Spirit,Shadow Demon,Visage,Beastmaster,Pangolier,Snapfire,Hoodwink,Morphling,Centaur Warrunner,Drow Ranger,Batrider,Troll Warlord,Mars,Monkey King,Lone Druid
,Game 2: 6806203596,Fnatic,Team Spirit,The Radiant,The Dire,,1st Pick,Fnatic,Enigma,Primal Beast,Visage,Marci,Clockwerk,Undying,Puck,Void Spirit,Faceless Void,Snapfire,Lone Druid,Chen,Monkey King,Beastmaster,Tiny,Rubick,Shadow Fiend,Terrorblade,Batrider,Doom,Venomancer,Dark Seer,Mars,Death Prophet
,Game 1: 6806142086,beastcoast,Entity,The Radiant,The Dire,1st Pick,,Entity,Visage,Marci,Nyx Assassin,Clockwerk,Enigma,Silencer,Leshrac,Tiny,Earthshaker,Shadow Fiend,Undying,Pangolier,Batrider,Bloodseeker,Sven,Terrorblade,Venomancer,Brewmaster,Zeus,Disruptor,Invoker,Primal Beast,Abaddon,Pudge
,Game 2: 6806191928,beastcoast,Entity,The Radiant,The Dire,,1st Pick,bc,Clockwerk,Enigma,Leshrac,Undying,Marci,Silencer,Nyx Assassin,Shadow Fiend,Batrider,Visage,Venomancer,Lycan,Gyrocopter,Beastmaster,Primal Beast,Naga Siren,Disruptor,Pangolier,Phantom Lancer,Bloodseeker,Slark,Templar Assassin,Slardar,Sven
,Game 1: 6806133891,Team Secret,Thunder Awaken,The Dire,The Radiant,1st Pick,,Secret,Enigma,Lina,Tiny,Primal Beast,Marci,Omniknight,Hoodwink,Shadow Fiend,Sniper,Monkey King,Batrider,Enchantress,Mars,Shadow Demon,Lich,Chen,Mirana,Leshrac,Templar Assassin,Troll Warlord,Chaos Knight,Razor,Ursa,Phantom Assassin
,Game 2: 6806174698,Team Secret,Thunder Awaken,The Dire,The Radiant,,1st Pick,THUNDER,Nyx Assassin,Marci,Primal Beast,Tiny,Hoodwink,Chen,Shadow Fiend,Crystal Maiden,Lycan,Sniper,Monkey King,Batrider,Mirana,Mars,Earthshaker,Dawnbreaker,Zeus,Ember Spirit,Enigma,Morphling,Viper,Faceless Void,Pudge,Doom
,Game 1: 6806047576,OG,BOOM Esports,The Dire,The Radiant,,1st Pick,OG,Earthshaker,Marci,Shadow Fiend,Morphling,Primal Beast,Razor,Clockwerk,Snapfire,Batrider,Beastmaster,Monkey King,Naga Siren,Silencer,Enigma,Oracle,Tusk,Death Prophet,Terrorblade,Tiny,Slark,Leshrac,Chaos Knight,Phantom Lancer,Ember Spirit
,Game 2: 6806101302,OG,BOOM Esports,The Dire,The Radiant,1st Pick,,OG,Nyx Assassin,Razor,Enigma,Shadow Fiend,Marci,Undying,Snapfire,Invoker,Kunkka,Viper,Ember Spirit,Morphling,Templar Assassin,Bloodseeker,Pangolier,Naga Siren,Jakiro,Leshrac,Troll Warlord,Huskar,Lifestealer,Mars,Slardar,Terrorblade
,Game 1: 6806047605,Gaimin Gladiators,BetBoom Team,The Radiant,The Dire,1st Pick,,GG,Visage,Enchantress,Enigma,Marci,Shadow Fiend,Primal Beast,Silencer,Tusk,Nature's Prophet,Ember Spirit,Sniper,Broodmother,Batrider,Bloodseeker,Pangolier,Beastmaster,Chen,Weaver,Puck,Queen of Pain,Lina,Faceless Void,Invoker,Zeus
,Game 2: 6806097565,Gaimin Gladiators,BetBoom Team,The Dire,The Radiant,1st Pick,,GG,Visage,Enchantress,Enigma,Marci,Primal Beast,Silencer,Beastmaster,Morphling,Ancient Apparition,Ember Spirit,Lina,Chen,Drow Ranger,Bloodseeker,Pangolier,Brewmaster,Crystal Maiden,Sniper,Batrider,Void Spirit,Puck,Mars,Undying,Clockwerk
,Game 1: 6806047119,Team Liquid,Knights,The Dire,The Radiant,1st Pick,,Liquid,Primal Beast,Marci,Nyx Assassin,Undying,Enigma,Chen,Rubick,Shadow Fiend,Batrider,Pudge,Sniper,Disruptor,Morphling,Lone Druid,Queen of Pain,Tusk,Magnus,Centaur Warrunner,Faceless Void,Monkey King,Terrorblade,Lifestealer,Slark,Ursa
,Game 2: 6806112746,Team Liquid,Knights,The Dire,The Radiant,1st Pick,,Knights,Nyx Assassin,Marci,Enigma,Undying,Clockwerk,Shadow Fiend,Snapfire,Visage,Naga Siren,Sniper,Centaur Warrunner,Batrider,Pangolier,Terrorblade,Tiny,Queen of Pain,Disruptor,Broodmother,Puck,Luna,Ember Spirit,Monkey King,Legion Commander,Ursa
,Game 1: 6806047579,PSG.LGD,Ukumari,The Dire,The Radiant,1st Pick,,PSG.LGD,Batrider,Marci,Undying,Morphling,Enigma,Winter Wyvern,Shadow Fiend,Tiny,Pangolier,Primal Beast,Tusk,Sniper,Pudge,Puck,Clockwerk,Dazzle,Zeus,Kunkka,Beastmaster,Juggernaut,Axe,Faceless Void,Terrorblade,Brewmaster
,Game 2: 6806097974,PSG.LGD,Ukumari,The Dire,The Radiant,,1st Pick,Uku,Primal Beast,Undying,Silencer,Enigma,Marci,Tiny,Lich,Morphling,Ancient Apparition,Batrider,Phantom Lancer,Invoker,Bloodseeker,Pangolier,Leshrac,Zeus,Clockwerk,Visage,Naga Siren,Beastmaster,Lone Druid,Venomancer,Snapfire,Faceless Void
,Game 1: 6806047539,Shopify Rebellion,Thiuth Gaming,The Radiant,The Dire,,1st Pick,SR,Enigma,Morphling,Shadow Fiend,Clockwerk,Marci,Undying,Primal Beast,Leshrac,Batrider,Visage,Invoker,Faceless Void,Templar Assassin,Broodmother,Mirana,Bane,Magnus,Drow Ranger,Viper,Bloodseeker,Venomancer,Monkey King,Juggernaut,Beastmaster
,Game 2: 6806094304,Shopify Rebellion,Thiuth Gaming,The Dire,The Radiant,1st Pick,,SR,Enigma,Primal Beast,Clockwerk,Marci,Undying,Lina,Tusk,Invoker,Visage,Earthshaker,Ancient Apparition,Morphling,Naga Siren,Shadow Fiend,Disruptor,Broodmother,Rubick,Slark,Tidehunter,Bloodseeker,Pangolier,Leshrac,Terrorblade,Mars
