team,first_pick,side,bans,picks
Team Secret,True,The Radiant,"['Doom', 'Broodmother', 'Lina', 'Lifestealer', 'Beastmaster', 'Lycan', 'Night Stalker']","['Leshrac', 'Tiny', 'Enigma', 'Lich', 'Pudge']"
Tundra Esports,True,The Dire,"['Doom', 'Broodmother', 'Lina', 'Lifestealer', 'Beastmaster', 'Lycan', 'Night Stalker']","['Leshrac', 'Tiny', 'Enigma', 'Lich', 'Pudge']"
Team Secret,True,The Radiant,"['Nyx Assassin', 'Monkey King', 'Sniper', 'Bloodseeker', 'Beastmaster', 'Pangolier', 'Batrider']","['Marci', 'Visage', 'Chaos Knight', 'Phoenix', 'Arc Warden']"
Tundra Esports,True,The Dire,"['Nyx Assassin', 'Monkey King', 'Sniper', 'Bloodseeker', 'Beastmaster', 'Pangolier', 'Batrider']","['Marci', 'Visage', 'Chaos Knight', 'Phoenix', 'Arc Warden']"
Team Secret,True,The Dire,"['Doom', 'Tusk', 'Tidehunter', 'Brewmaster', 'Chaos Knight', 'Troll Warlord', 'Lifestealer']","['Marci', 'Leshrac', 'Silencer', 'Naga Siren', 'Ember Spirit']"
Tundra Esports,True,The Radiant,"['Doom', 'Tusk', 'Tidehunter', 'Brewmaster', 'Chaos Knight', 'Troll Warlord', 'Lifestealer']","['Marci', 'Leshrac', 'Silencer', 'Naga Siren', 'Ember Spirit']"
Team Liquid,True,The Dire,"['Leshrac', 'Dawnbreaker', 'Monkey King', 'Kunkka', 'Pangolier', 'Gyrocopter', 'Bloodseeker']","['Enigma', 'Tusk', 'Lifestealer', 'Lich', 'Primal Beast']"
Team Secret,True,The Radiant,"['Leshrac', 'Dawnbreaker', 'Monkey King', 'Kunkka', 'Pangolier', 'Gyrocopter', 'Bloodseeker']","['Enigma', 'Tusk', 'Lifestealer', 'Lich', 'Primal Beast']"
Team Liquid,True,The Dire,"['Crystal Maiden', 'Lina', 'Pudge', 'Undying', 'Lifestealer', 'Lone Druid', 'Naga Siren']","['Silencer', 'Monkey King', 'Nyx Assassin', 'Primal Beast', 'Queen of Pain']"
Team Secret,True,The Radiant,"['Crystal Maiden', 'Lina', 'Pudge', 'Undying', 'Lifestealer', 'Lone Druid', 'Naga Siren']","['Silencer', 'Monkey King', 'Nyx Assassin', 'Primal Beast', 'Queen of Pain']"
Team Liquid,True,The Dire,"['Broodmother', 'Crystal Maiden', 'Pudge', 'Jakiro', 'Night Stalker', 'Enigma', 'Dark Seer']","['Enchantress', 'Beastmaster', 'Invoker', 'Earthshaker', 'Drow Ranger']"
Team Secret,True,The Radiant,"['Broodmother', 'Crystal Maiden', 'Pudge', 'Jakiro', 'Night Stalker', 'Enigma', 'Dark Seer']","['Enchantress', 'Beastmaster', 'Invoker', 'Earthshaker', 'Drow Ranger']"
Team Secret,True,The Radiant,"['Doom', 'Crystal Maiden', 'Slark', 'Ursa', 'Undying', 'Winter Wyvern', 'Batrider']","['Tusk', 'Monkey King', 'Disruptor', 'Magnus', 'Ember Spirit']"
Tundra Esports,True,The Dire,"['Doom', 'Crystal Maiden', 'Slark', 'Ursa', 'Undying', 'Winter Wyvern', 'Batrider']","['Tusk', 'Monkey King', 'Disruptor', 'Magnus', 'Ember Spirit']"
Team Secret,True,The Radiant,"['Leshrac', 'Marci', 'Monkey King', 'Bloodseeker', 'Lina', 'Enigma', 'Dark Seer']","['Crystal Maiden', 'Visage', 'Clockwerk', 'Primal Beast', 'Terrorblade']"
Tundra Esports,True,The Dire,"['Leshrac', 'Marci', 'Monkey King', 'Bloodseeker', 'Lina', 'Enigma', 'Dark Seer']","['Crystal Maiden', 'Visage', 'Clockwerk', 'Primal Beast', 'Terrorblade']"
Team Secret,True,The Radiant,"['Doom', 'Broodmother', 'Slark', 'Naga Siren', 'Outworld Destroyer', 'Lifestealer', 'Ursa']","['Crystal Maiden', 'Dawnbreaker', 'Earth Spirit', 'Zeus', 'Gyrocopter']"
Tundra Esports,True,The Dire,"['Doom', 'Broodmother', 'Slark', 'Naga Siren', 'Outworld Destroyer', 'Lifestealer', 'Ursa']","['Crystal Maiden', 'Dawnbreaker', 'Earth Spirit', 'Zeus', 'Gyrocopter']"
Team Liquid,True,The Dire,"['Primal Beast', 'Sven', 'Mars', 'Naga Siren', 'Pangolier', 'Brewmaster', 'Dawnbreaker']","['Marci', 'Broodmother', 'Lich', 'Lina', 'Bloodseeker']"
Team Aster,True,The Radiant,"['Primal Beast', 'Sven', 'Mars', 'Naga Siren', 'Pangolier', 'Brewmaster', 'Dawnbreaker']","['Marci', 'Broodmother', 'Lich', 'Lina', 'Bloodseeker']"
Team Liquid,True,The Radiant,"['Enigma', 'Nyx Assassin', 'Broodmother', 'Lifestealer', 'Lich', 'Bloodseeker', 'Ursa']","['Marci', 'Sniper', 'Jakiro', 'Pudge', 'Omniknight']"
Team Aster,True,The Dire,"['Enigma', 'Nyx Assassin', 'Broodmother', 'Lifestealer', 'Lich', 'Bloodseeker', 'Ursa']","['Marci', 'Sniper', 'Jakiro', 'Pudge', 'Omniknight']"
Team Liquid,True,The Radiant,"['Enigma', 'Broodmother', 'Oracle', 'Lifestealer', 'Pudge', 'Lone Druid', 'Bloodseeker']","['Crystal Maiden', 'Primal Beast', 'Naga Siren', 'Beastmaster', 'Drow Ranger']"
Team Aster,True,The Dire,"['Enigma', 'Broodmother', 'Oracle', 'Lifestealer', 'Pudge', 'Lone Druid', 'Bloodseeker']","['Crystal Maiden', 'Primal Beast', 'Naga Siren', 'Beastmaster', 'Drow Ranger']"
Team Liquid,True,The Dire,"['Dawnbreaker', 'Nyx Assassin', 'Zeus', 'Morphling', 'Snapfire', 'Templar Assassin', 'Ursa']","['Tiny', 'Leshrac', 'Lifestealer', 'Pangolier', 'Lich']"
Thunder Awaken,True,The Radiant,"['Dawnbreaker', 'Nyx Assassin', 'Zeus', 'Morphling', 'Snapfire', 'Templar Assassin', 'Ursa']","['Tiny', 'Leshrac', 'Lifestealer', 'Pangolier', 'Lich']"
Team Liquid,True,The Dire,"['Primal Beast', 'Leshrac', 'Morphling', 'Lifestealer', 'Lone Druid', 'Lina', 'Queen of Pain']","['Marci', 'Gyrocopter', 'Disruptor', 'Tidehunter', 'Ember Spirit']"
Thunder Awaken,True,The Radiant,"['Primal Beast', 'Leshrac', 'Morphling', 'Lifestealer', 'Lone Druid', 'Lina', 'Queen of Pain']","['Marci', 'Gyrocopter', 'Disruptor', 'Tidehunter', 'Ember Spirit']"
Team Liquid,True,The Dire,"['Broodmother', 'Primal Beast', 'Gyrocopter', 'Lone Druid', 'Silencer', 'Slardar', 'Puck']","['Marci', 'Enigma', 'Undying', 'Pudge', 'Ember Spirit']"
Thunder Awaken,True,The Radiant,"['Broodmother', 'Primal Beast', 'Gyrocopter', 'Lone Druid', 'Silencer', 'Slardar', 'Puck']","['Marci', 'Enigma', 'Undying', 'Pudge', 'Ember Spirit']"
PSG.LGD,True,The Radiant,"['Crystal Maiden', 'Leshrac', 'Brewmaster', 'Lifestealer', 'Mars', 'Pudge', 'Bristleback']","['Primal Beast', 'Ember Spirit', 'Disruptor', 'Visage', 'Riki']"
Team Aster,True,The Dire,"['Crystal Maiden', 'Leshrac', 'Brewmaster', 'Lifestealer', 'Mars', 'Pudge', 'Bristleback']","['Primal Beast', 'Ember Spirit', 'Disruptor', 'Visage', 'Riki']"
PSG.LGD,True,The Radiant,"['Monkey King', 'Disruptor', 'Morphling', 'Sniper', 'Drow Ranger', 'Zeus', 'Puck']","['Sven', 'Lina', 'Gyrocopter', 'Mirana', 'Mars']"
Team Aster,True,The Dire,"['Monkey King', 'Disruptor', 'Morphling', 'Sniper', 'Drow Ranger', 'Zeus', 'Puck']","['Sven', 'Lina', 'Gyrocopter', 'Mirana', 'Mars']"
Team Liquid,True,The Dire,"['Razor', 'Viper', 'Sniper', 'Mars', 'Slardar', 'Naga Siren', 'Templar Assassin']","['Marci', 'Lina', 'Undying', 'Drow Ranger', 'Pangolier']"
OG,True,The Radiant,"['Razor', 'Viper', 'Sniper', 'Mars', 'Slardar', 'Naga Siren', 'Templar Assassin']","['Marci', 'Lina', 'Undying', 'Drow Ranger', 'Pangolier']"
Team Liquid,True,The Radiant,"['Undying', 'Enigma', 'Ancient Apparition', 'Shadow Demon', 'Lifestealer', 'Beastmaster', 'Death Prophet']","['Tiny', 'Huskar', 'Snapfire', 'Ember Spirit', ""Nature's Prophet""]"
OG,True,The Dire,"['Undying', 'Enigma', 'Ancient Apparition', 'Shadow Demon', 'Lifestealer', 'Beastmaster', 'Death Prophet']","['Tiny', 'Huskar', 'Snapfire', 'Ember Spirit', ""Nature's Prophet""]"
PSG.LGD,True,The Radiant,"['Tiny', 'Enigma', 'Bloodseeker', 'Batrider', 'Naga Siren', 'Ember Spirit', 'Puck']","['Undying', 'Pangolier', 'Drow Ranger', 'Mirana', 'Slardar']"
beastcoast,True,The Dire,"['Tiny', 'Enigma', 'Bloodseeker', 'Batrider', 'Naga Siren', 'Ember Spirit', 'Puck']","['Undying', 'Pangolier', 'Drow Ranger', 'Mirana', 'Slardar']"
PSG.LGD,True,The Dire,"['Primal Beast', 'Visage', 'Beastmaster', 'Brewmaster', 'Io', 'Lycan', 'Tidehunter']","['Tiny', 'Nyx Assassin', 'Crystal Maiden', 'Mars', 'Faceless Void']"
beastcoast,True,The Radiant,"['Primal Beast', 'Visage', 'Beastmaster', 'Brewmaster', 'Io', 'Lycan', 'Tidehunter']","['Tiny', 'Nyx Assassin', 'Crystal Maiden', 'Mars', 'Faceless Void']"
PSG.LGD,True,The Dire,"['Primal Beast', 'Visage', 'Oracle', 'Lifestealer', 'Slark', 'Faceless Void', 'Morphling']","['Marci', 'Batrider', 'Elder Titan', 'Chaos Knight', 'Shadow Fiend']"
beastcoast,True,The Radiant,"['Primal Beast', 'Visage', 'Oracle', 'Lifestealer', 'Slark', 'Faceless Void', 'Morphling']","['Marci', 'Batrider', 'Elder Titan', 'Chaos Knight', 'Shadow Fiend']"
Team Aster,True,The Dire,"['Nyx Assassin', 'Silencer', 'Naga Siren', 'Lifestealer', 'Tusk', 'Outworld Destroyer', 'Spirit Breaker']","['Crystal Maiden', 'Marci', 'Mars', 'Razor', 'Slark']"
Tundra Esports,True,The Radiant,"['Nyx Assassin', 'Silencer', 'Naga Siren', 'Lifestealer', 'Tusk', 'Outworld Destroyer', 'Spirit Breaker']","['Crystal Maiden', 'Marci', 'Mars', 'Razor', 'Slark']"
Team Aster,True,The Radiant,"['Primal Beast', 'Leshrac', 'Mars', 'Enigma', 'Pangolier', 'Beastmaster', 'Lycan']","['Tiny', 'Broodmother', 'Zeus', 'Mirana', 'Slark']"
Tundra Esports,True,The Dire,"['Primal Beast', 'Leshrac', 'Mars', 'Enigma', 'Pangolier', 'Beastmaster', 'Lycan']","['Tiny', 'Broodmother', 'Zeus', 'Mirana', 'Slark']"
Team Secret,True,The Radiant,"['Tiny', 'Dawnbreaker', 'Pudge', 'Zeus', 'Lifestealer', 'Spectre', 'Ursa']","['Marci', 'Leshrac', 'Disruptor', 'Drow Ranger', 'Earth Spirit']"
Thunder Awaken,True,The Dire,"['Tiny', 'Dawnbreaker', 'Pudge', 'Zeus', 'Lifestealer', 'Spectre', 'Ursa']","['Marci', 'Leshrac', 'Disruptor', 'Drow Ranger', 'Earth Spirit']"
Team Secret,True,The Dire,"['Primal Beast', 'Chen', 'Storm Spirit', 'Templar Assassin', 'Monkey King', 'Enigma', 'Viper']","['Nyx Assassin', 'Zeus', 'Crystal Maiden', 'Tidehunter', 'Slark']"
Thunder Awaken,True,The Radiant,"['Primal Beast', 'Chen', 'Storm Spirit', 'Templar Assassin', 'Monkey King', 'Enigma', 'Viper']","['Nyx Assassin', 'Zeus', 'Crystal Maiden', 'Tidehunter', 'Slark']"
Team Liquid,True,The Dire,"['Primal Beast', 'Marci', 'Lone Druid', 'Tusk', 'Undying', 'Venomancer', 'Jakiro']","['Tiny', 'Arc Warden', 'Crystal Maiden', 'Naga Siren', 'Slardar']"
Entity,True,The Radiant,"['Primal Beast', 'Marci', 'Lone Druid', 'Tusk', 'Undying', 'Venomancer', 'Jakiro']","['Tiny', 'Arc Warden', 'Crystal Maiden', 'Naga Siren', 'Slardar']"
Team Liquid,True,The Radiant,"['Primal Beast', 'Marci', 'Crystal Maiden', 'Ancient Apparition', 'Faceless Void', 'Mars', 'Jakiro']","['Leshrac', 'Undying', 'Sniper', 'Tiny', 'Clockwerk']"
Entity,True,The Dire,"['Primal Beast', 'Marci', 'Crystal Maiden', 'Ancient Apparition', 'Faceless Void', 'Mars', 'Jakiro']","['Leshrac', 'Undying', 'Sniper', 'Tiny', 'Clockwerk']"
Team Liquid,True,The Radiant,"['Primal Beast', 'Marci', 'Naga Siren', 'Pangolier', 'Ursa', 'Shadow Fiend', 'Queen of Pain']","['Tiny', 'Broodmother', 'Pudge', 'Jakiro', 'Puck']"
Entity,True,The Dire,"['Primal Beast', 'Marci', 'Naga Siren', 'Pangolier', 'Ursa', 'Shadow Fiend', 'Queen of Pain']","['Tiny', 'Broodmother', 'Pudge', 'Jakiro', 'Puck']"
OG,True,The Radiant,"['Timbersaw', 'Razor', 'Sniper', 'Morphling', 'Mars', 'Faceless Void', 'Templar Assassin']","['Enchantress', 'Shadow Fiend', 'Tiny', 'Silencer', 'Underlord']"
Gaimin Gladiators,True,The Dire,"['Timbersaw', 'Razor', 'Sniper', 'Morphling', 'Mars', 'Faceless Void', 'Templar Assassin']","['Enchantress', 'Shadow Fiend', 'Tiny', 'Silencer', 'Underlord']"
OG,True,The Dire,"['Undying', 'Shadow Fiend', 'Marci', 'Broodmother', 'Enigma', 'Beastmaster', 'Brewmaster']","['Pangolier', 'Viper', 'Jakiro', 'Clockwerk', 'Faceless Void']"
Gaimin Gladiators,True,The Radiant,"['Undying', 'Shadow Fiend', 'Marci', 'Broodmother', 'Enigma', 'Beastmaster', 'Brewmaster']","['Pangolier', 'Viper', 'Jakiro', 'Clockwerk', 'Faceless Void']"
OG,True,The Radiant,"['Snapfire', 'Razor', 'Morphling', 'Sniper', 'Faceless Void', 'Monkey King', 'Bloodseeker']","['Undying', 'Shadow Fiend', 'Beastmaster', 'Disruptor', 'Kunkka']"
Gaimin Gladiators,True,The Dire,"['Snapfire', 'Razor', 'Morphling', 'Sniper', 'Faceless Void', 'Monkey King', 'Bloodseeker']","['Undying', 'Shadow Fiend', 'Beastmaster', 'Disruptor', 'Kunkka']"
PSG.LGD,True,The Dire,"['Enigma', 'Undying', 'Batrider', 'Death Prophet', 'Pudge', 'Venomancer', 'Brewmaster']","['Chen', 'Monkey King', 'Kunkka', 'Snapfire', 'Slardar']"
BOOM Esports,True,The Radiant,"['Enigma', 'Undying', 'Batrider', 'Death Prophet', 'Pudge', 'Venomancer', 'Brewmaster']","['Chen', 'Monkey King', 'Kunkka', 'Snapfire', 'Slardar']"
PSG.LGD,True,The Radiant,"['Enigma', 'Marci', 'Naga Siren', 'Pudge', 'Mars', 'Bristleback', 'Slark']","['Undying', 'Visage', 'Earthshaker', 'Ember Spirit', 'Drow Ranger']"
BOOM Esports,True,The Dire,"['Enigma', 'Marci', 'Naga Siren', 'Pudge', 'Mars', 'Bristleback', 'Slark']","['Undying', 'Visage', 'Earthshaker', 'Ember Spirit', 'Drow Ranger']"
Shopify Rebellion,True,The Dire,"['Primal Beast', 'Shadow Fiend', 'Undying', 'Puck', 'Invoker', 'Lifestealer', 'Lone Druid']","['Crystal Maiden', 'Mars', 'Snapfire', 'Tiny', 'Slark']"
beastcoast,True,The Radiant,"['Primal Beast', 'Shadow Fiend', 'Undying', 'Puck', 'Invoker', 'Lifestealer', 'Lone Druid']","['Crystal Maiden', 'Mars', 'Snapfire', 'Tiny', 'Slark']"
Shopify Rebellion,True,The Dire,"['Clockwerk', 'Tiny', 'Chaos Knight', 'Tidehunter', 'Enchantress', 'Timbersaw', 'Enigma']","['Crystal Maiden', 'Beastmaster', 'Mirana', 'Ember Spirit', 'Lifestealer']"
beastcoast,True,The Radiant,"['Clockwerk', 'Tiny', 'Chaos Knight', 'Tidehunter', 'Enchantress', 'Timbersaw', 'Enigma']","['Crystal Maiden', 'Beastmaster', 'Mirana', 'Ember Spirit', 'Lifestealer']"
Team Liquid,True,The Dire,"['Primal Beast', 'Visage', 'Drow Ranger', 'Broodmother', 'Tiny', 'Beastmaster', 'Brewmaster']","['Marci', 'Shadow Fiend', 'Death Prophet', 'Disruptor', 'Mars']"
Team Aster,True,The Radiant,"['Primal Beast', 'Visage', 'Drow Ranger', 'Broodmother', 'Tiny', 'Beastmaster', 'Brewmaster']","['Marci', 'Shadow Fiend', 'Death Prophet', 'Disruptor', 'Mars']"
Team Liquid,True,The Dire,"['Primal Beast', 'Sven', 'Sniper', 'Drow Ranger', 'Broodmother', 'Mars', 'Pangolier']","['Marci', 'Shadow Fiend', 'Crystal Maiden', 'Beastmaster', 'Ursa']"
Team Aster,True,The Radiant,"['Primal Beast', 'Sven', 'Sniper', 'Drow Ranger', 'Broodmother', 'Mars', 'Pangolier']","['Marci', 'Shadow Fiend', 'Crystal Maiden', 'Beastmaster', 'Ursa']"
OG,True,The Dire,"['Doom', 'Hoodwink', 'Ursa', 'Lifestealer', 'Tidehunter', 'Beastmaster', 'Enigma']","['Crystal Maiden', 'Ember Spirit', 'Oracle', 'Sand King', 'Morphling']"
Tundra Esports,True,The Radiant,"['Doom', 'Hoodwink', 'Ursa', 'Lifestealer', 'Tidehunter', 'Beastmaster', 'Enigma']","['Crystal Maiden', 'Ember Spirit', 'Oracle', 'Sand King', 'Morphling']"
OG,True,The Radiant,"['Pangolier', 'Templar Assassin', 'Monkey King', 'Sniper', 'Naga Siren', 'Viper', 'Razor']","['Mirana', 'Visage', 'Earthshaker', 'Spirit Breaker', 'Lifestealer']"
Tundra Esports,True,The Dire,"['Pangolier', 'Templar Assassin', 'Monkey King', 'Sniper', 'Naga Siren', 'Viper', 'Razor']","['Mirana', 'Visage', 'Earthshaker', 'Spirit Breaker', 'Lifestealer']"
Knights,True,The Radiant,"['Marci', 'Enigma', 'Naga Siren', 'Tidehunter', 'Lone Druid', 'Primal Beast', 'Beastmaster']","['Tiny', 'Ancient Apparition', 'Visage', 'Lycan', 'Brewmaster']"
Entity,True,The Dire,"['Marci', 'Enigma', 'Naga Siren', 'Tidehunter', 'Lone Druid', 'Primal Beast', 'Beastmaster']","['Tiny', 'Ancient Apparition', 'Visage', 'Lycan', 'Brewmaster']"
Fnatic,True,The Radiant,"['Enchantress', 'Broodmother', 'Beastmaster', 'Lycan', 'Bloodseeker', 'Brewmaster', 'Batrider']","['Undying', 'Sniper', 'Clockwerk', 'Templar Assassin', 'Visage']"
Gaimin Gladiators,True,The Dire,"['Enchantress', 'Broodmother', 'Beastmaster', 'Lycan', 'Bloodseeker', 'Brewmaster', 'Batrider']","['Undying', 'Sniper', 'Clockwerk', 'Templar Assassin', 'Visage']"
Team Spirit,True,The Dire,"['Doom', 'Primal Beast', 'Morphling', 'Dawnbreaker', 'Terrorblade', 'Magnus', 'Tidehunter']","['Marci', 'Shadow Fiend', 'Mars', 'Disruptor', 'Beastmaster']"
BOOM Esports,True,The Radiant,"['Doom', 'Primal Beast', 'Morphling', 'Dawnbreaker', 'Terrorblade', 'Magnus', 'Tidehunter']","['Marci', 'Shadow Fiend', 'Mars', 'Disruptor', 'Beastmaster']"
Ukumari,True,The Dire,"['Leshrac', 'Silencer', 'Visage', 'Naga Siren', 'Broodmother', 'Snapfire', 'Viper']","['Enigma', 'Shadow Fiend', 'Tusk', 'Ogre Magi', 'Ember Spirit']"
beastcoast,True,The Radiant,"['Leshrac', 'Silencer', 'Visage', 'Naga Siren', 'Broodmother', 'Snapfire', 'Viper']","['Enigma', 'Shadow Fiend', 'Tusk', 'Ogre Magi', 'Ember Spirit']"
PSG.LGD,True,The Radiant,"['Chen', 'Enchantress', 'Bloodseeker', 'Kunkka', 'Monkey King', 'Broodmother', 'Ember Spirit']","['Enigma', 'Pangolier', 'Tusk', 'Dazzle', 'Lone Druid']"
Team Secret,True,The Dire,"['Chen', 'Enchantress', 'Bloodseeker', 'Kunkka', 'Monkey King', 'Broodmother', 'Ember Spirit']","['Enigma', 'Pangolier', 'Tusk', 'Dazzle', 'Lone Druid']"
PSG.LGD,True,The Dire,"['Enigma', 'Primal Beast', 'Lifestealer', 'Lina', 'Ursa', 'Lycan', 'Broodmother']","['Marci', 'Leshrac', 'Disruptor', 'Nyx Assassin', 'Dawnbreaker']"
Team Secret,True,The Radiant,"['Enigma', 'Primal Beast', 'Lifestealer', 'Lina', 'Ursa', 'Lycan', 'Broodmother']","['Marci', 'Leshrac', 'Disruptor', 'Nyx Assassin', 'Dawnbreaker']"
Shopify Rebellion,True,The Dire,"['Primal Beast', 'Broodmother', 'Storm Spirit', 'Ember Spirit', 'Templar Assassin', 'Viper', 'Doom']","['Tiny', 'Zeus', 'Crystal Maiden', 'Pangolier', 'Bloodseeker']"
Thunder Awaken,True,The Radiant,"['Primal Beast', 'Broodmother', 'Storm Spirit', 'Ember Spirit', 'Templar Assassin', 'Viper', 'Doom']","['Tiny', 'Zeus', 'Crystal Maiden', 'Pangolier', 'Bloodseeker']"
Shopify Rebellion,True,The Dire,"['Enigma', 'Crystal Maiden', 'Zeus', 'Hoodwink', 'Undying', 'Batrider', 'Storm Spirit']","['Marci', 'Shadow Fiend', 'Razor', 'Clockwerk', 'Pangolier']"
Thunder Awaken,True,The Radiant,"['Enigma', 'Crystal Maiden', 'Zeus', 'Hoodwink', 'Undying', 'Batrider', 'Storm Spirit']","['Marci', 'Shadow Fiend', 'Razor', 'Clockwerk', 'Pangolier']"
Talon,True,The Radiant,"['Visage', 'Broodmother', 'Naga Siren', 'Batrider', 'Beastmaster', 'Viper', 'Enigma']","['Marci', 'Shadow Fiend', 'Pudge', 'Undying', 'Ancient Apparition']"
Entity,True,The Dire,"['Visage', 'Broodmother', 'Naga Siren', 'Batrider', 'Beastmaster', 'Viper', 'Enigma']","['Marci', 'Shadow Fiend', 'Pudge', 'Undying', 'Ancient Apparition']"
Talon,True,The Dire,"['Lina', 'Doom', 'Undying', 'Batrider', 'Drow Ranger', 'Razor', 'Enchantress']","['Marci', 'Visage', 'Sven', 'Pudge', 'Ancient Apparition']"
Entity,True,The Radiant,"['Lina', 'Doom', 'Undying', 'Batrider', 'Drow Ranger', 'Razor', 'Enchantress']","['Marci', 'Visage', 'Sven', 'Pudge', 'Ancient Apparition']"
BOOM Esports,True,The Radiant,"['Tiny', 'Primal Beast', 'Ember Spirit', 'Batrider', 'Kunkka', 'Storm Spirit', 'Invoker']","['Marci', 'Sniper', 'Pangolier', 'Mars', 'Chen']"
BetBoom Team,True,The Dire,"['Tiny', 'Primal Beast', 'Ember Spirit', 'Batrider', 'Kunkka', 'Storm Spirit', 'Invoker']","['Marci', 'Sniper', 'Pangolier', 'Mars', 'Chen']"
Thiuth Gaming,True,The Dire,"['Clockwerk', 'Enigma', 'Pangolier', 'Naga Siren', 'Pudge', 'Batrider', 'Beastmaster']","['Marci', 'Broodmother', 'Death Prophet', 'Hoodwink', 'Templar Assassin']"
BOOM Esports,True,The Radiant,"['Clockwerk', 'Enigma', 'Pangolier', 'Naga Siren', 'Pudge', 'Batrider', 'Beastmaster']","['Marci', 'Broodmother', 'Death Prophet', 'Hoodwink', 'Templar Assassin']"
Fnatic,True,The Radiant,"['Beastmaster', 'Clockwerk', 'Naga Siren', 'Batrider', 'Lycan', 'Mars', 'Primal Beast']","['Undying', 'Sniper', 'Disruptor', 'Monkey King', 'Templar Assassin']"
TSM,True,The Dire,"['Beastmaster', 'Clockwerk', 'Naga Siren', 'Batrider', 'Lycan', 'Mars', 'Primal Beast']","['Undying', 'Sniper', 'Disruptor', 'Monkey King', 'Templar Assassin']"
Fnatic,True,The Radiant,"['Pangolier', 'Enigma', 'Sniper', ""Nature's Prophet"", 'Naga Siren', 'Tinker', 'Lina']","['Undying', 'Drow Ranger', 'Crystal Maiden', 'Dawnbreaker', 'Ember Spirit']"
TSM,True,The Dire,"['Pangolier', 'Enigma', 'Sniper', ""Nature's Prophet"", 'Naga Siren', 'Tinker', 'Lina']","['Undying', 'Drow Ranger', 'Crystal Maiden', 'Dawnbreaker', 'Ember Spirit']"
Team Secret,True,The Radiant,"['Enigma', 'Leshrac', 'Lina', 'Beastmaster', 'Dawnbreaker', 'Morphling', 'Troll Warlord']","['Marci', 'Shadow Fiend', 'Tusk', 'Crystal Maiden', 'Slardar']"
Talon,True,The Dire,"['Enigma', 'Leshrac', 'Lina', 'Beastmaster', 'Dawnbreaker', 'Morphling', 'Troll Warlord']","['Marci', 'Shadow Fiend', 'Tusk', 'Crystal Maiden', 'Slardar']"
Team Secret,True,The Radiant,"['Enigma', 'Shadow Fiend', 'Lifestealer', 'Chen', 'Mirana', 'Mars', 'Primal Beast']","['Leshrac', 'Clockwerk', 'Lycan', 'Jakiro', 'Lone Druid']"
Talon,True,The Dire,"['Enigma', 'Shadow Fiend', 'Lifestealer', 'Chen', 'Mirana', 'Mars', 'Primal Beast']","['Leshrac', 'Clockwerk', 'Lycan', 'Jakiro', 'Lone Druid']"
Thunder Awaken,True,The Radiant,"['Tiny', 'Nyx Assassin', 'Pudge', 'Batrider', 'Enigma', 'Dawnbreaker', 'Pangolier']","['Undying', 'Shadow Fiend', 'Snapfire', 'Earth Spirit', 'Doom']"
beastcoast,True,The Dire,"['Tiny', 'Nyx Assassin', 'Pudge', 'Batrider', 'Enigma', 'Dawnbreaker', 'Pangolier']","['Undying', 'Shadow Fiend', 'Snapfire', 'Earth Spirit', 'Doom']"
Thunder Awaken,True,The Radiant,"['Clockwerk', 'Silencer', 'Snapfire', 'Faceless Void', 'Terrorblade', 'Templar Assassin', 'Lina']","['Undying', 'Gyrocopter', 'Dawnbreaker', 'Zeus', 'Lion']"
beastcoast,True,The Dire,"['Clockwerk', 'Silencer', 'Snapfire', 'Faceless Void', 'Terrorblade', 'Templar Assassin', 'Lina']","['Undying', 'Gyrocopter', 'Dawnbreaker', 'Zeus', 'Lion']"
Team Aster,True,The Dire,"['Nyx Assassin', 'Pangolier', 'Morphling', 'Sniper', 'Batrider', 'Mars', 'Beastmaster']","['Marci', 'Leshrac', 'Shadow Demon', 'Broodmother', 'Razor']"
Team Spirit,True,The Radiant,"['Nyx Assassin', 'Pangolier', 'Morphling', 'Sniper', 'Batrider', 'Mars', 'Beastmaster']","['Marci', 'Leshrac', 'Shadow Demon', 'Broodmother', 'Razor']"
Team Aster,True,The Dire,"['Nyx Assassin', 'Pangolier', 'Drow Ranger', 'Sniper', 'Morphling', 'Puck', 'Death Prophet']","['Marci', 'Shadow Fiend', 'Oracle', 'Broodmother', 'Tiny']"
Team Spirit,True,The Radiant,"['Nyx Assassin', 'Pangolier', 'Drow Ranger', 'Sniper', 'Morphling', 'Puck', 'Death Prophet']","['Marci', 'Shadow Fiend', 'Oracle', 'Broodmother', 'Tiny']"
Tundra Esports,True,The Dire,"['Crystal Maiden', 'Undying', 'Slark', 'Queen of Pain', 'Lifestealer', 'Naga Siren', 'Drow Ranger']","['Marci', 'Lone Druid', 'Brewmaster', 'Invoker', 'Disruptor']"
Entity,True,The Radiant,"['Crystal Maiden', 'Undying', 'Slark', 'Queen of Pain', 'Lifestealer', 'Naga Siren', 'Drow Ranger']","['Marci', 'Lone Druid', 'Brewmaster', 'Invoker', 'Disruptor']"
Tundra Esports,True,The Radiant,"['Crystal Maiden', 'Doom', 'Queen of Pain', 'Oracle', 'Marci', 'Ancient Apparition', 'Abaddon']","['Undying', 'Batrider', 'Hoodwink', 'Morphling', 'Brewmaster']"
Entity,True,The Dire,"['Crystal Maiden', 'Doom', 'Queen of Pain', 'Oracle', 'Marci', 'Ancient Apparition', 'Abaddon']","['Undying', 'Batrider', 'Hoodwink', 'Morphling', 'Brewmaster']"
Shopify Rebellion,True,The Dire,"['Silencer', 'Pangolier', 'Ember Spirit', 'Lifestealer', 'Morphling', 'Ursa', 'Sven']","['Primal Beast', 'Pudge', 'Invoker', 'Chen', 'Vengeful Spirit']"
BOOM Esports,True,The Radiant,"['Silencer', 'Pangolier', 'Ember Spirit', 'Lifestealer', 'Morphling', 'Ursa', 'Sven']","['Primal Beast', 'Pudge', 'Invoker', 'Chen', 'Vengeful Spirit']"
Shopify Rebellion,True,The Dire,"['Nyx Assassin', 'Clockwerk', 'Leshrac', 'Ember Spirit', 'Storm Spirit', 'Pangolier', 'Zeus']","['Primal Beast', 'Crystal Maiden', 'Naga Siren', 'Rubick', 'Viper']"
BOOM Esports,True,The Radiant,"['Nyx Assassin', 'Clockwerk', 'Leshrac', 'Ember Spirit', 'Storm Spirit', 'Pangolier', 'Zeus']","['Primal Beast', 'Crystal Maiden', 'Naga Siren', 'Rubick', 'Viper']"
PSG.LGD,True,The Dire,"['Batrider', 'Undying', 'Beastmaster', 'Visage', 'Clockwerk', 'Shadow Demon', 'Death Prophet']","['Primal Beast', 'Lina', 'Lich', 'Lifestealer', 'Centaur Warrunner']"
BetBoom Team,True,The Radiant,"['Batrider', 'Undying', 'Beastmaster', 'Visage', 'Clockwerk', 'Shadow Demon', 'Death Prophet']","['Primal Beast', 'Lina', 'Lich', 'Lifestealer', 'Centaur Warrunner']"
PSG.LGD,True,The Radiant,"['Tiny', 'Lich', 'Broodmother', 'Storm Spirit', 'Centaur Warrunner', 'Ember Spirit', 'Kunkka']","['Marci', 'Sniper', 'Mars', 'Phoenix', ""Nature's Prophet""]"
BetBoom Team,True,The Dire,"['Tiny', 'Lich', 'Broodmother', 'Storm Spirit', 'Centaur Warrunner', 'Ember Spirit', 'Kunkka']","['Marci', 'Sniper', 'Mars', 'Phoenix', ""Nature's Prophet""]"
Thiuth Gaming,True,The Dire,"['Marci', 'Primal Beast', 'Bloodseeker', 'Undying', 'Slark', 'Visage', 'Mirana']","['Enchantress', 'Pangolier', 'Brewmaster', 'Silencer', 'Faceless Void']"
Gaimin Gladiators,True,The Radiant,"['Marci', 'Primal Beast', 'Bloodseeker', 'Undying', 'Slark', 'Visage', 'Mirana']","['Enchantress', 'Pangolier', 'Brewmaster', 'Silencer', 'Faceless Void']"
Thiuth Gaming,True,The Radiant,"['Enchantress', 'Broodmother', 'Pangolier', 'Beastmaster', 'Tidehunter', 'Invoker', 'Monkey King']","['Marci', 'Enigma', 'Ember Spirit', 'Snapfire', 'Sniper']"
Gaimin Gladiators,True,The Dire,"['Enchantress', 'Broodmother', 'Pangolier', 'Beastmaster', 'Tidehunter', 'Invoker', 'Monkey King']","['Marci', 'Enigma', 'Ember Spirit', 'Snapfire', 'Sniper']"
OG,True,The Dire,"['Leshrac', 'Lich', 'Enigma', 'Morphling', 'Faceless Void', 'Broodmother', 'Beastmaster']","['Shadow Fiend', 'Snapfire', 'Oracle', 'Sand King', ""Nature's Prophet""]"
Knights,True,The Radiant,"['Leshrac', 'Lich', 'Enigma', 'Morphling', 'Faceless Void', 'Broodmother', 'Beastmaster']","['Shadow Fiend', 'Snapfire', 'Oracle', 'Sand King', ""Nature's Prophet""]"
OG,True,The Radiant,"['Clockwerk', 'Oracle', 'Morphling', 'Faceless Void', 'Shadow Demon', 'Monkey King', 'Lone Druid']","['Primal Beast', 'Shadow Fiend', 'Omniknight', 'Lion', 'Weaver']"
Knights,True,The Dire,"['Clockwerk', 'Oracle', 'Morphling', 'Faceless Void', 'Shadow Demon', 'Monkey King', 'Lone Druid']","['Primal Beast', 'Shadow Fiend', 'Omniknight', 'Lion', 'Weaver']"
Team Liquid,True,The Radiant,"['Primal Beast', 'Enigma', 'Tiny', 'Naga Siren', 'Void Spirit', 'Beastmaster', 'Visage']","['Undying', 'Puck', 'Bloodseeker', 'Hoodwink', 'Brewmaster']"
Ukumari,True,The Dire,"['Primal Beast', 'Enigma', 'Tiny', 'Naga Siren', 'Void Spirit', 'Beastmaster', 'Visage']","['Undying', 'Puck', 'Bloodseeker', 'Hoodwink', 'Brewmaster']"
Team Liquid,True,The Radiant,"['Shadow Fiend', 'Death Prophet', 'Silencer', 'Tidehunter', 'Mars', 'Venomancer', 'Centaur Warrunner']","['Enigma', 'Primal Beast', 'Crystal Maiden', 'Tusk', 'Drow Ranger']"
Ukumari,True,The Dire,"['Shadow Fiend', 'Death Prophet', 'Silencer', 'Tidehunter', 'Mars', 'Venomancer', 'Centaur Warrunner']","['Enigma', 'Primal Beast', 'Crystal Maiden', 'Tusk', 'Drow Ranger']"
Team Spirit,True,The Dire,"['Silencer', 'Clockwerk', 'Crystal Maiden', 'Batrider', 'Leshrac', 'Venomancer', 'Naga Siren']","['Tiny', 'Enchantress', 'Doom', 'Monkey King', 'Rubick']"
beastcoast,True,The Radiant,"['Silencer', 'Clockwerk', 'Crystal Maiden', 'Batrider', 'Leshrac', 'Venomancer', 'Naga Siren']","['Tiny', 'Enchantress', 'Doom', 'Monkey King', 'Rubick']"
Team Spirit,True,The Dire,"['Pangolier', 'Leshrac', 'Invoker', 'Naga Siren', 'Batrider', 'Slark', 'Lifestealer']","['Primal Beast', 'Wraith King', 'Silencer', 'Tusk', 'Puck']"
beastcoast,True,The Radiant,"['Pangolier', 'Leshrac', 'Invoker', 'Naga Siren', 'Batrider', 'Slark', 'Lifestealer']","['Primal Beast', 'Wraith King', 'Silencer', 'Tusk', 'Puck']"
Fnatic,True,The Radiant,"['Tiny', 'Enigma', 'Monkey King', 'Pangolier', 'Templar Assassin', 'Shadow Fiend', 'Queen of Pain']","['Crystal Maiden', 'Broodmother', 'Hoodwink', 'Lifestealer', 'Primal Beast']"
Tundra Esports,True,The Dire,"['Tiny', 'Enigma', 'Monkey King', 'Pangolier', 'Templar Assassin', 'Shadow Fiend', 'Queen of Pain']","['Crystal Maiden', 'Broodmother', 'Hoodwink', 'Lifestealer', 'Primal Beast']"
Fnatic,True,The Radiant,"['Doom', 'Broodmother', 'Bloodseeker', 'Beastmaster', 'Shadow Fiend', 'Lifestealer', 'Slark']","['Crystal Maiden', 'Pangolier', 'Marci', 'Lone Druid', 'Hoodwink']"
Tundra Esports,True,The Dire,"['Doom', 'Broodmother', 'Bloodseeker', 'Beastmaster', 'Shadow Fiend', 'Lifestealer', 'Slark']","['Crystal Maiden', 'Pangolier', 'Marci', 'Lone Druid', 'Hoodwink']"
Talon,True,The Radiant,"['Visage', 'Broodmother', 'Naga Siren', 'Lycan', 'Beastmaster', 'Brewmaster', 'Viper']","['Marci', 'Lina', 'Undying', 'Rubick', 'Pudge']"
Entity,True,The Dire,"['Visage', 'Broodmother', 'Naga Siren', 'Lycan', 'Beastmaster', 'Brewmaster', 'Viper']","['Marci', 'Lina', 'Undying', 'Rubick', 'Pudge']"
Talon,True,The Radiant,"['Visage', 'Broodmother', 'Naga Siren', 'Lycan', 'Beastmaster', 'Brewmaster', 'Sven']","['Nyx Assassin', 'Lina', 'Dawnbreaker', 'Vengeful Spirit', 'Pangolier']"
Entity,True,The Dire,"['Visage', 'Broodmother', 'Naga Siren', 'Lycan', 'Beastmaster', 'Brewmaster', 'Sven']","['Nyx Assassin', 'Lina', 'Dawnbreaker', 'Vengeful Spirit', 'Pangolier']"
Team Secret,True,The Radiant,"['Nyx Assassin', 'Shadow Fiend', 'Chen', 'Gyrocopter', 'Sniper', 'Broodmother', 'Dawnbreaker']","['Tiny', 'Enigma', 'Snapfire', 'Ember Spirit', ""Nature's Prophet""]"
Team Aster,True,The Dire,"['Nyx Assassin', 'Shadow Fiend', 'Chen', 'Gyrocopter', 'Sniper', 'Broodmother', 'Dawnbreaker']","['Tiny', 'Enigma', 'Snapfire', 'Ember Spirit', ""Nature's Prophet""]"
Team Secret,True,The Radiant,"['Undying', 'Primal Beast', 'Lina', 'Shadow Fiend', 'Broodmother', 'Luna', 'Ursa']","['Tusk', 'Leshrac', 'Bloodseeker', 'Disruptor', 'Kunkka']"
Team Aster,True,The Dire,"['Undying', 'Primal Beast', 'Lina', 'Shadow Fiend', 'Broodmother', 'Luna', 'Ursa']","['Tusk', 'Leshrac', 'Bloodseeker', 'Disruptor', 'Kunkka']"
Thunder Awaken,True,The Radiant,"['Broodmother', 'Undying', 'Beastmaster', 'Mars', 'Kunkka', 'Ursa', 'Lifestealer']","['Nyx Assassin', 'Tiny', 'Disruptor', 'Pudge', 'Snapfire']"
TSM,True,The Dire,"['Broodmother', 'Undying', 'Beastmaster', 'Mars', 'Kunkka', 'Ursa', 'Lifestealer']","['Nyx Assassin', 'Tiny', 'Disruptor', 'Pudge', 'Snapfire']"
Thunder Awaken,True,The Radiant,"['Tiny', 'Crystal Maiden', 'Drow Ranger', 'Sniper', 'Pudge', 'Batrider', 'Leshrac']","['Marci', 'Shadow Fiend', 'Silencer', 'Earthshaker', 'Venomancer']"
TSM,True,The Dire,"['Tiny', 'Crystal Maiden', 'Drow Ranger', 'Sniper', 'Pudge', 'Batrider', 'Leshrac']","['Marci', 'Shadow Fiend', 'Silencer', 'Earthshaker', 'Venomancer']"
Team Liquid,True,The Dire,"['Primal Beast', 'Silencer', 'Bloodseeker', 'Mars', 'Morphling', 'Tidehunter', 'Magnus']","['Marci', 'Pangolier', 'Beastmaster', 'Disruptor', 'Luna']"
BOOM Esports,True,The Radiant,"['Primal Beast', 'Silencer', 'Bloodseeker', 'Mars', 'Morphling', 'Tidehunter', 'Magnus']","['Marci', 'Pangolier', 'Beastmaster', 'Disruptor', 'Luna']"
Team Liquid,True,The Radiant,"['Shadow Fiend', 'Leshrac', 'Lone Druid', 'Pudge', 'Faceless Void', 'Terrorblade', 'Morphling']","['Tiny', 'Silencer', 'Tidehunter', 'Lina', 'Lifestealer']"
BOOM Esports,True,The Dire,"['Shadow Fiend', 'Leshrac', 'Lone Druid', 'Pudge', 'Faceless Void', 'Terrorblade', 'Morphling']","['Tiny', 'Silencer', 'Tidehunter', 'Lina', 'Lifestealer']"
PSG.LGD,True,The Radiant,"['Enigma', 'Primal Beast', 'Naga Siren', 'Morphling', 'Tidehunter', 'Templar Assassin', 'Lina']","['Shadow Fiend', 'Broodmother', 'Rubick', 'Ogre Magi', 'Ember Spirit']"
Gaimin Gladiators,True,The Dire,"['Enigma', 'Primal Beast', 'Naga Siren', 'Morphling', 'Tidehunter', 'Templar Assassin', 'Lina']","['Shadow Fiend', 'Broodmother', 'Rubick', 'Ogre Magi', 'Ember Spirit']"
PSG.LGD,True,The Radiant,"['Enigma', 'Marci', 'Nyx Assassin', 'Shadow Demon', 'Tiny', 'Tidehunter', 'Mars']","['Primal Beast', 'Silencer', 'Venomancer', 'Broodmother', 'Pudge']"
Gaimin Gladiators,True,The Dire,"['Enigma', 'Marci', 'Nyx Assassin', 'Shadow Demon', 'Tiny', 'Tidehunter', 'Mars']","['Primal Beast', 'Silencer', 'Venomancer', 'Broodmother', 'Pudge']"
OG,True,The Radiant,"['Razor', 'Clockwerk', 'Morphling', 'Batrider', 'Ember Spirit', 'Templar Assassin', 'Lone Druid']","['Primal Beast', 'Leshrac', 'Faceless Void', 'Crystal Maiden', 'Visage']"
BetBoom Team,True,The Dire,"['Razor', 'Clockwerk', 'Morphling', 'Batrider', 'Ember Spirit', 'Templar Assassin', 'Lone Druid']","['Primal Beast', 'Leshrac', 'Faceless Void', 'Crystal Maiden', 'Visage']"
OG,True,The Dire,"['Clockwerk', 'Timbersaw', 'Morphling', 'Ember Spirit', 'Batrider', 'Templar Assassin', 'Faceless Void']","['Primal Beast', 'Bloodseeker', 'Leshrac', 'Silencer', 'Troll Warlord']"
BetBoom Team,True,The Radiant,"['Clockwerk', 'Timbersaw', 'Morphling', 'Ember Spirit', 'Batrider', 'Templar Assassin', 'Faceless Void']","['Primal Beast', 'Bloodseeker', 'Leshrac', 'Silencer', 'Troll Warlord']"
Thiuth Gaming,True,The Radiant,"['Lich', 'Leshrac', 'Morphling', 'Sniper', 'Naga Siren', 'Bloodseeker', 'Templar Assassin']","['Shadow Fiend', 'Undying', 'Puck', 'Tiny', 'Weaver']"
Ukumari,True,The Dire,"['Lich', 'Leshrac', 'Morphling', 'Sniper', 'Naga Siren', 'Bloodseeker', 'Templar Assassin']","['Shadow Fiend', 'Undying', 'Puck', 'Tiny', 'Weaver']"
Thiuth Gaming,True,The Dire,"['Lich', 'Silencer', 'Ancient Apparition', 'Naga Siren', 'Slark', 'Kunkka', 'Void Spirit']","['Marci', 'Morphling', 'Clockwerk', 'Venomancer', 'Puck']"
Ukumari,True,The Radiant,"['Lich', 'Silencer', 'Ancient Apparition', 'Naga Siren', 'Slark', 'Kunkka', 'Void Spirit']","['Marci', 'Morphling', 'Clockwerk', 'Venomancer', 'Puck']"
Team Secret,True,The Radiant,"['Undying', 'Leshrac', 'Morphling', 'Pudge', 'Naga Siren', 'Legion Commander', 'Batrider']","['Marci', 'Gyrocopter', 'Disruptor', 'Broodmother', 'Kunkka']"
Entity,True,The Dire,"['Undying', 'Leshrac', 'Morphling', 'Pudge', 'Naga Siren', 'Legion Commander', 'Batrider']","['Marci', 'Gyrocopter', 'Disruptor', 'Broodmother', 'Kunkka']"
Team Secret,True,The Radiant,"['Shadow Fiend', 'Primal Beast', 'Sniper', 'Pangolier', 'Bloodseeker', 'Monkey King', 'Huskar']","['Nyx Assassin', 'Leshrac', 'Naga Siren', 'Jakiro', 'Arc Warden']"
Entity,True,The Dire,"['Shadow Fiend', 'Primal Beast', 'Sniper', 'Pangolier', 'Bloodseeker', 'Monkey King', 'Huskar']","['Nyx Assassin', 'Leshrac', 'Naga Siren', 'Jakiro', 'Arc Warden']"
Shopify Rebellion,True,The Radiant,"['Leshrac', 'Enigma', 'Naga Siren', 'Tidehunter', 'Pangolier', 'Queen of Pain', 'Puck']","['Shadow Fiend', 'Broodmother', 'Clockwerk', 'Silencer', 'Storm Spirit']"
Knights,True,The Dire,"['Leshrac', 'Enigma', 'Naga Siren', 'Tidehunter', 'Pangolier', 'Queen of Pain', 'Puck']","['Shadow Fiend', 'Broodmother', 'Clockwerk', 'Silencer', 'Storm Spirit']"
Shopify Rebellion,True,The Dire,"['Primal Beast', 'Lich', 'Beastmaster', 'Pangolier', 'Legion Commander', 'Storm Spirit', 'Queen of Pain']","['Marci', 'Batrider', 'Silencer', 'Drow Ranger', 'Brewmaster']"
Knights,True,The Radiant,"['Primal Beast', 'Lich', 'Beastmaster', 'Pangolier', 'Legion Commander', 'Storm Spirit', 'Queen of Pain']","['Marci', 'Batrider', 'Silencer', 'Drow Ranger', 'Brewmaster']"
Team Spirit,True,The Dire,"['Enigma', 'Tiny', 'Chaos Knight', 'Sniper', 'Ursa', 'Outworld Destroyer', 'Earthshaker']","['Marci', 'Shadow Fiend', 'Shadow Demon', 'Axe', 'Invoker']"
Tundra Esports,True,The Radiant,"['Enigma', 'Tiny', 'Chaos Knight', 'Sniper', 'Ursa', 'Outworld Destroyer', 'Earthshaker']","['Marci', 'Shadow Fiend', 'Shadow Demon', 'Axe', 'Invoker']"
Team Spirit,True,The Radiant,"['Enigma', 'Doom', 'Chaos Knight', 'Lifestealer', 'Broodmother', 'Sniper', 'Ursa']","['Undying', 'Mars', 'Faceless Void', 'Jakiro', 'Tiny']"
Tundra Esports,True,The Dire,"['Enigma', 'Doom', 'Chaos Knight', 'Lifestealer', 'Broodmother', 'Sniper', 'Ursa']","['Undying', 'Mars', 'Faceless Void', 'Jakiro', 'Tiny']"
beastcoast,True,The Radiant,"['Shadow Fiend', 'Undying', 'Beastmaster', 'Visage', 'Broodmother', 'Night Stalker', 'Lycan']","['Clockwerk', 'Nyx Assassin', 'Puck', 'Brewmaster', 'Luna']"
TSM,True,The Dire,"['Shadow Fiend', 'Undying', 'Beastmaster', 'Visage', 'Broodmother', 'Night Stalker', 'Lycan']","['Clockwerk', 'Nyx Assassin', 'Puck', 'Brewmaster', 'Luna']"
beastcoast,True,The Dire,"['Nyx Assassin', 'Shadow Fiend', 'Naga Siren', 'Mars', 'Sven', 'Terrorblade', 'Templar Assassin']","['Primal Beast', 'Broodmother', 'Hoodwink', 'Shadow Demon', 'Luna']"
TSM,True,The Radiant,"['Nyx Assassin', 'Shadow Fiend', 'Naga Siren', 'Mars', 'Sven', 'Terrorblade', 'Templar Assassin']","['Primal Beast', 'Broodmother', 'Hoodwink', 'Shadow Demon', 'Luna']"
Team Liquid,True,The Dire,"['Razor', 'Primal Beast', 'Drow Ranger', 'Mars', 'Naga Siren', 'Tidehunter', 'Viper']","['Enigma', 'Shadow Fiend', 'Clockwerk', 'Witch Doctor', 'Pudge']"
OG,True,The Radiant,"['Razor', 'Primal Beast', 'Drow Ranger', 'Mars', 'Naga Siren', 'Tidehunter', 'Viper']","['Enigma', 'Shadow Fiend', 'Clockwerk', 'Witch Doctor', 'Pudge']"
Team Liquid,True,The Radiant,"['Primal Beast', 'Enigma', 'Beastmaster', 'Lone Druid', 'Faceless Void', 'Venomancer', 'Pangolier']","['Undying', 'Arc Warden', 'Razor', 'Earthshaker', 'Magnus']"
OG,True,The Dire,"['Primal Beast', 'Enigma', 'Beastmaster', 'Lone Druid', 'Faceless Void', 'Venomancer', 'Pangolier']","['Undying', 'Arc Warden', 'Razor', 'Earthshaker', 'Magnus']"
Fnatic,True,The Radiant,"['Enigma', 'Shadow Fiend', 'Sniper', 'Lina', 'Pudge', 'Viper', 'Visage']","['Nyx Assassin', 'Leshrac', 'Beastmaster', 'Enchantress', 'Slark']"
Talon,True,The Dire,"['Enigma', 'Shadow Fiend', 'Sniper', 'Lina', 'Pudge', 'Viper', 'Visage']","['Nyx Assassin', 'Leshrac', 'Beastmaster', 'Enchantress', 'Slark']"
Fnatic,True,The Radiant,"['Enigma', 'Shadow Fiend', 'Sniper', 'Lina', 'Pudge', 'Visage', 'Death Prophet']","['Nyx Assassin', 'Leshrac', 'Disruptor', 'Dawnbreaker', 'Razor']"
Talon,True,The Dire,"['Enigma', 'Shadow Fiend', 'Sniper', 'Lina', 'Pudge', 'Visage', 'Death Prophet']","['Nyx Assassin', 'Leshrac', 'Disruptor', 'Dawnbreaker', 'Razor']"
Team Aster,True,The Dire,"['Dawnbreaker', 'Enigma', 'Monkey King', 'Pudge', 'Batrider', 'Morphling', 'Lone Druid']","['Marci', 'Visage', 'Clockwerk', 'Shadow Fiend', 'Juggernaut']"
Thunder Awaken,True,The Radiant,"['Dawnbreaker', 'Enigma', 'Monkey King', 'Pudge', 'Batrider', 'Morphling', 'Lone Druid']","['Marci', 'Visage', 'Clockwerk', 'Shadow Fiend', 'Juggernaut']"
Team Aster,True,The Dire,"['Primal Beast', 'Broodmother', 'Lifestealer', 'Undying', 'Slark', 'Death Prophet', 'Queen of Pain']","['Nyx Assassin', 'Pudge', 'Brewmaster', 'Silencer', 'Ember Spirit']"
Thunder Awaken,True,The Radiant,"['Primal Beast', 'Broodmother', 'Lifestealer', 'Undying', 'Slark', 'Death Prophet', 'Queen of Pain']","['Nyx Assassin', 'Pudge', 'Brewmaster', 'Silencer', 'Ember Spirit']"
Thiuth Gaming,True,The Dire,"['Leshrac', 'Marci', 'Broodmother', 'Undying', 'Ember Spirit', 'Mars', 'Centaur Warrunner']","['Nyx Assassin', 'Sniper', 'Silencer', 'Dawnbreaker', 'Zeus']"
BetBoom Team,True,The Radiant,"['Leshrac', 'Marci', 'Broodmother', 'Undying', 'Ember Spirit', 'Mars', 'Centaur Warrunner']","['Nyx Assassin', 'Sniper', 'Silencer', 'Dawnbreaker', 'Zeus']"
Thiuth Gaming,True,The Radiant,"['Shadow Fiend', 'Leshrac', 'Bloodseeker', 'Ember Spirit', 'Morphling', 'Monkey King', 'Faceless Void']","['Marci', 'Pangolier', 'Shadow Shaman', ""Nature's Prophet"", 'Zeus']"
BetBoom Team,True,The Dire,"['Shadow Fiend', 'Leshrac', 'Bloodseeker', 'Ember Spirit', 'Morphling', 'Monkey King', 'Faceless Void']","['Marci', 'Pangolier', 'Shadow Shaman', ""Nature's Prophet"", 'Zeus']"
Shopify Rebellion,True,The Radiant,"['Enchantress', 'Enigma', 'Naga Siren', 'Tidehunter', 'Ember Spirit', 'Underlord', 'Timbersaw']","['Primal Beast', 'Broodmother', 'Shadow Shaman', 'Sven', 'Terrorblade']"
Gaimin Gladiators,True,The Dire,"['Enchantress', 'Enigma', 'Naga Siren', 'Tidehunter', 'Ember Spirit', 'Underlord', 'Timbersaw']","['Primal Beast', 'Broodmother', 'Shadow Shaman', 'Sven', 'Terrorblade']"
Shopify Rebellion,True,The Radiant,"['Enchantress', 'Marci', 'Sniper', 'Morphling', 'Batrider', 'Tidehunter', 'Storm Spirit']","['Shadow Fiend', 'Sven', 'Ember Spirit', 'Enigma', 'Mirana']"
Gaimin Gladiators,True,The Dire,"['Enchantress', 'Marci', 'Sniper', 'Morphling', 'Batrider', 'Tidehunter', 'Storm Spirit']","['Shadow Fiend', 'Sven', 'Ember Spirit', 'Enigma', 'Mirana']"
Knights,True,The Radiant,"['Lich', 'Nyx Assassin', 'Lina', 'Leshrac', 'Morphling', 'Puck', 'Queen of Pain']","['Shadow Fiend', 'Silencer', 'Clockwerk', 'Pangolier', 'Mars']"
Ukumari,True,The Dire,"['Lich', 'Nyx Assassin', 'Lina', 'Leshrac', 'Morphling', 'Puck', 'Queen of Pain']","['Shadow Fiend', 'Silencer', 'Clockwerk', 'Pangolier', 'Mars']"
Knights,True,The Radiant,"['Lich', 'Nyx Assassin', 'Bloodseeker', 'Queen of Pain', 'Puck', 'Slark', 'Terrorblade']","['Undying', 'Pangolier', 'Tidehunter', 'Hoodwink', 'Medusa']"
Ukumari,True,The Dire,"['Lich', 'Nyx Assassin', 'Bloodseeker', 'Queen of Pain', 'Puck', 'Slark', 'Terrorblade']","['Undying', 'Pangolier', 'Tidehunter', 'Hoodwink', 'Medusa']"
PSG.LGD,True,The Radiant,"['Chen', 'Enigma', 'Lina', 'Ember Spirit', 'Kunkka', 'Pudge', 'Lifestealer']","['Primal Beast', 'Leshrac', 'Io', 'Sven', 'Earthshaker']"
BOOM Esports,True,The Dire,"['Chen', 'Enigma', 'Lina', 'Ember Spirit', 'Kunkka', 'Pudge', 'Lifestealer']","['Primal Beast', 'Leshrac', 'Io', 'Sven', 'Earthshaker']"
PSG.LGD,True,The Dire,"['Chen', 'Enigma', 'Terrorblade', 'Sniper', 'Mars', 'Batrider', 'Naga Siren']","['Marci', 'Shadow Fiend', 'Broodmother', 'Disruptor', 'Storm Spirit']"
BOOM Esports,True,The Radiant,"['Chen', 'Enigma', 'Terrorblade', 'Sniper', 'Mars', 'Batrider', 'Naga Siren']","['Marci', 'Shadow Fiend', 'Broodmother', 'Disruptor', 'Storm Spirit']"
Fnatic,True,The Radiant,"['Snapfire', 'Winter Wyvern', 'Visage', 'Templar Assassin', 'Broodmother', 'Morphling', 'Faceless Void']","['Enigma', 'Tiny', 'Undying', 'Slark', 'Hoodwink']"
Team Aster,True,The Dire,"['Snapfire', 'Winter Wyvern', 'Visage', 'Templar Assassin', 'Broodmother', 'Morphling', 'Faceless Void']","['Enigma', 'Tiny', 'Undying', 'Slark', 'Hoodwink']"
Fnatic,True,The Radiant,"['Snapfire', 'Winter Wyvern', 'Visage', 'Templar Assassin', 'Broodmother', 'Dark Seer', 'Naga Siren']","['Enigma', 'Tiny', 'Undying', 'Terrorblade', 'Sniper']"
Team Aster,True,The Dire,"['Snapfire', 'Winter Wyvern', 'Visage', 'Templar Assassin', 'Broodmother', 'Dark Seer', 'Naga Siren']","['Enigma', 'Tiny', 'Undying', 'Terrorblade', 'Sniper']"
beastcoast,True,The Radiant,"['Primal Beast', 'Enigma', 'Ancient Apparition', 'Ursa', 'Silencer', 'Batrider', 'Timbersaw']","['Marci', 'Morphling', 'Undying', 'Dawnbreaker', 'Queen of Pain']"
Talon,True,The Dire,"['Primal Beast', 'Enigma', 'Ancient Apparition', 'Ursa', 'Silencer', 'Batrider', 'Timbersaw']","['Marci', 'Morphling', 'Undying', 'Dawnbreaker', 'Queen of Pain']"
beastcoast,True,The Dire,"['Primal Beast', 'Silencer', 'Enchantress', 'Sven', 'Gyrocopter', 'Visage', 'Tidehunter']","['Enigma', 'Tusk', 'Batrider', 'Crystal Maiden', 'Monkey King']"
Talon,True,The Radiant,"['Primal Beast', 'Silencer', 'Enchantress', 'Sven', 'Gyrocopter', 'Visage', 'Tidehunter']","['Enigma', 'Tusk', 'Batrider', 'Crystal Maiden', 'Monkey King']"
TSM,True,The Radiant,"['Shadow Fiend', 'Enigma', 'Mars', 'Beastmaster', 'Lycan', 'Pudge', 'Slark']","['Silencer', 'Drow Ranger', 'Naga Siren', 'Pangolier', 'Tiny']"
Entity,True,The Dire,"['Shadow Fiend', 'Enigma', 'Mars', 'Beastmaster', 'Lycan', 'Pudge', 'Slark']","['Silencer', 'Drow Ranger', 'Naga Siren', 'Pangolier', 'Tiny']"
TSM,True,The Radiant,"['Nyx Assassin', 'Leshrac', 'Silencer', 'Bloodseeker', 'Gyrocopter', 'Death Prophet', 'Dark Seer']","['Enigma', 'Pangolier', 'Dazzle', 'Legion Commander', 'Naga Siren']"
Entity,True,The Dire,"['Nyx Assassin', 'Leshrac', 'Silencer', 'Bloodseeker', 'Gyrocopter', 'Death Prophet', 'Dark Seer']","['Enigma', 'Pangolier', 'Dazzle', 'Legion Commander', 'Naga Siren']"
Team Secret,True,The Radiant,"['Enigma', 'Undying', 'Crystal Maiden', 'Faceless Void', 'Morphling', 'Drow Ranger', 'Lifestealer']","['Primal Beast', 'Chen', 'Shadow Shaman', 'Tiny', 'Ursa']"
Team Spirit,True,The Dire,"['Enigma', 'Undying', 'Crystal Maiden', 'Faceless Void', 'Morphling', 'Drow Ranger', 'Lifestealer']","['Primal Beast', 'Chen', 'Shadow Shaman', 'Tiny', 'Ursa']"
Team Secret,True,The Radiant,"['Shadow Fiend', 'Leshrac', 'Sniper', 'Monkey King', 'Ember Spirit', 'Zeus', 'Storm Spirit']","['Clockwerk', 'Pangolier', 'Beastmaster', 'Silencer', 'Spectre']"
Team Spirit,True,The Dire,"['Shadow Fiend', 'Leshrac', 'Sniper', 'Monkey King', 'Ember Spirit', 'Zeus', 'Storm Spirit']","['Clockwerk', 'Pangolier', 'Beastmaster', 'Silencer', 'Spectre']"
Thunder Awaken,True,The Radiant,"['Tiny', 'Nyx Assassin', 'Monkey King', 'Sniper', 'Weaver', 'Ember Spirit', 'Kunkka']","['Undying', 'Beastmaster', 'Snapfire', 'Chaos Knight', 'Invoker']"
Tundra Esports,True,The Dire,"['Tiny', 'Nyx Assassin', 'Monkey King', 'Sniper', 'Weaver', 'Ember Spirit', 'Kunkka']","['Undying', 'Beastmaster', 'Snapfire', 'Chaos Knight', 'Invoker']"
Thunder Awaken,True,The Radiant,"['Doom', 'Broodmother', 'Silencer', 'Beastmaster', 'Enigma', 'Ember Spirit', 'Puck']","['Marci', 'Dawnbreaker', 'Luna', 'Dazzle', 'Zeus']"
Tundra Esports,True,The Dire,"['Doom', 'Broodmother', 'Silencer', 'Beastmaster', 'Enigma', 'Ember Spirit', 'Puck']","['Marci', 'Dawnbreaker', 'Luna', 'Dazzle', 'Zeus']"
OG,True,The Radiant,"['Razor', 'Primal Beast', 'Enchantress', 'Pudge', 'Naga Siren', 'Lina', 'Invoker']","['Shadow Fiend', 'Beastmaster', 'Mirana', 'Dazzle', 'Chaos Knight']"
Ukumari,True,The Dire,"['Razor', 'Primal Beast', 'Enchantress', 'Pudge', 'Naga Siren', 'Lina', 'Invoker']","['Shadow Fiend', 'Beastmaster', 'Mirana', 'Dazzle', 'Chaos Knight']"
OG,True,The Radiant,"['Primal Beast', 'Viper', 'Puck', 'Slardar', 'Naga Siren', 'Ember Spirit', 'Kunkka']","['Undying', 'Faceless Void', 'Hoodwink', 'Broodmother', 'Zeus']"
Ukumari,True,The Dire,"['Primal Beast', 'Viper', 'Puck', 'Slardar', 'Naga Siren', 'Ember Spirit', 'Kunkka']","['Undying', 'Faceless Void', 'Hoodwink', 'Broodmother', 'Zeus']"
Team Liquid,True,The Radiant,"['Enigma', 'Undying', 'Drow Ranger', 'Pudge', 'Morphling', 'Batrider', 'Puck']","['Shadow Fiend', 'Enchantress', 'Underlord', 'Disruptor', 'Ursa']"
Gaimin Gladiators,True,The Dire,"['Enigma', 'Undying', 'Drow Ranger', 'Pudge', 'Morphling', 'Batrider', 'Puck']","['Shadow Fiend', 'Enchantress', 'Underlord', 'Disruptor', 'Ursa']"
Team Liquid,True,The Dire,"['Undying', 'Enigma', 'Lone Druid', 'Pudge', 'Shadow Demon', 'Naga Siren', 'Templar Assassin']","['Primal Beast', 'Enchantress', 'Faceless Void', 'Snapfire', 'Pangolier']"
Gaimin Gladiators,True,The Radiant,"['Undying', 'Enigma', 'Lone Druid', 'Pudge', 'Shadow Demon', 'Naga Siren', 'Templar Assassin']","['Primal Beast', 'Enchantress', 'Faceless Void', 'Snapfire', 'Pangolier']"
Thiuth Gaming,True,The Dire,"['Marci', 'Leshrac', 'Lina', 'Snapfire', 'Terrorblade', 'Batrider', 'Void Spirit']","['Shadow Fiend', 'Silencer', 'Tusk', 'Death Prophet', 'Puck']"
BOOM Esports,True,The Radiant,"['Marci', 'Leshrac', 'Lina', 'Snapfire', 'Terrorblade', 'Batrider', 'Void Spirit']","['Shadow Fiend', 'Silencer', 'Tusk', 'Death Prophet', 'Puck']"
Thiuth Gaming,True,The Dire,"['Clockwerk', 'Undying', 'Ancient Apparition', 'Batrider', 'Beastmaster', 'Doom', 'Brewmaster']","['Primal Beast', 'Morphling', 'Visage', 'Elder Titan', 'Invoker']"
BOOM Esports,True,The Radiant,"['Clockwerk', 'Undying', 'Ancient Apparition', 'Batrider', 'Beastmaster', 'Doom', 'Brewmaster']","['Primal Beast', 'Morphling', 'Visage', 'Elder Titan', 'Invoker']"
Shopify Rebellion,True,The Radiant,"['Enigma', 'Marci', 'Leshrac', 'Batrider', 'Silencer', 'Dawnbreaker', 'Timbersaw']","['Primal Beast', 'Snapfire', 'Pudge', 'Sven', 'Templar Assassin']"
BetBoom Team,True,The Dire,"['Enigma', 'Marci', 'Leshrac', 'Batrider', 'Silencer', 'Dawnbreaker', 'Timbersaw']","['Primal Beast', 'Snapfire', 'Pudge', 'Sven', 'Templar Assassin']"
Shopify Rebellion,True,The Dire,"['Shadow Fiend', 'Faceless Void', 'Ember Spirit', 'Broodmother', 'Templar Assassin', 'Invoker', 'Storm Spirit']","['Primal Beast', ""Nature's Prophet"", 'Spirit Breaker', 'Silencer', 'Queen of Pain']"
BetBoom Team,True,The Radiant,"['Shadow Fiend', 'Faceless Void', 'Ember Spirit', 'Broodmother', 'Templar Assassin', 'Invoker', 'Storm Spirit']","['Primal Beast', ""Nature's Prophet"", 'Spirit Breaker', 'Silencer', 'Queen of Pain']"
PSG.LGD,True,The Radiant,"['Enigma', 'Tiny', 'Death Prophet', 'Broodmother', 'Batrider', 'Venomancer', 'Viper']","['Primal Beast', 'Chen', 'Monkey King', 'Beastmaster', 'Dark Willow']"
Knights,True,The Dire,"['Enigma', 'Tiny', 'Death Prophet', 'Broodmother', 'Batrider', 'Venomancer', 'Viper']","['Primal Beast', 'Chen', 'Monkey King', 'Beastmaster', 'Dark Willow']"
Team Spirit,True,The Radiant,"['Enigma', 'Broodmother', 'Sniper', 'Mars', 'Beastmaster', 'Phantom Assassin', 'Storm Spirit']","['Marci', 'Drow Ranger', 'Bane', 'Lina', 'Slardar']"
TSM,True,The Dire,"['Enigma', 'Broodmother', 'Sniper', 'Mars', 'Beastmaster', 'Phantom Assassin', 'Storm Spirit']","['Marci', 'Drow Ranger', 'Bane', 'Lina', 'Slardar']"
Team Spirit,True,The Dire,"['Primal Beast', 'Leshrac', 'Drow Ranger', 'Sniper', 'Magnus', 'Slardar', 'Beastmaster']","['Undying', 'Shadow Fiend', 'Crystal Maiden', 'Dawnbreaker', 'Lone Druid']"
TSM,True,The Radiant,"['Primal Beast', 'Leshrac', 'Drow Ranger', 'Sniper', 'Magnus', 'Slardar', 'Beastmaster']","['Undying', 'Shadow Fiend', 'Crystal Maiden', 'Dawnbreaker', 'Lone Druid']"
Team Aster,True,The Dire,"['Silencer', 'Primal Beast', 'Chaos Knight', 'Juggernaut', 'Faceless Void', 'Batrider', 'Dark Seer']","['Marci', 'Visage', 'Puck', 'Bane', 'Luna']"
beastcoast,True,The Radiant,"['Silencer', 'Primal Beast', 'Chaos Knight', 'Juggernaut', 'Faceless Void', 'Batrider', 'Dark Seer']","['Marci', 'Visage', 'Puck', 'Bane', 'Luna']"
Team Aster,True,The Dire,"['Silencer', 'Primal Beast', 'Batrider', 'Pangolier', 'Sven', 'Shadow Demon', 'Venomancer']","['Marci', 'Broodmother', 'Lich', 'Leshrac', 'Lifestealer']"
beastcoast,True,The Radiant,"['Silencer', 'Primal Beast', 'Batrider', 'Pangolier', 'Sven', 'Shadow Demon', 'Venomancer']","['Marci', 'Broodmother', 'Lich', 'Leshrac', 'Lifestealer']"
Fnatic,True,The Dire,"['Broodmother', 'Visage', 'Clockwerk', 'Pudge', 'Beastmaster', 'Naga Siren', 'Brewmaster']","['Nyx Assassin', 'Primal Beast', 'Zeus', ""Nature's Prophet"", 'Alchemist']"
Entity,True,The Radiant,"['Broodmother', 'Visage', 'Clockwerk', 'Pudge', 'Beastmaster', 'Naga Siren', 'Brewmaster']","['Nyx Assassin', 'Primal Beast', 'Zeus', ""Nature's Prophet"", 'Alchemist']"
Fnatic,True,The Radiant,"['Tiny', 'Enigma', 'Marci', 'Lone Druid', 'Drow Ranger', 'Visage', 'Viper']","['Nyx Assassin', 'Invoker', 'Shadow Fiend', 'Silencer', 'Legion Commander']"
Entity,True,The Dire,"['Tiny', 'Enigma', 'Marci', 'Lone Druid', 'Drow Ranger', 'Visage', 'Viper']","['Nyx Assassin', 'Invoker', 'Shadow Fiend', 'Silencer', 'Legion Commander']"
Thunder Awaken,True,The Radiant,"['Doom', 'Pangolier', 'Gyrocopter', 'Silencer', 'Kunkka', 'Lina', 'Queen of Pain']","['Nyx Assassin', 'Enigma', 'Undying', 'Pudge', 'Tiny']"
Talon,True,The Dire,"['Doom', 'Pangolier', 'Gyrocopter', 'Silencer', 'Kunkka', 'Lina', 'Queen of Pain']","['Nyx Assassin', 'Enigma', 'Undying', 'Pudge', 'Tiny']"
Thunder Awaken,True,The Radiant,"['Tiny', 'Enigma', 'Batrider', 'Drow Ranger', 'Morphling', 'Templar Assassin', 'Phantom Assassin']","['Shadow Fiend', 'Undying', 'Pangolier', 'Earthshaker', 'Death Prophet']"
Talon,True,The Dire,"['Tiny', 'Enigma', 'Batrider', 'Drow Ranger', 'Morphling', 'Templar Assassin', 'Phantom Assassin']","['Shadow Fiend', 'Undying', 'Pangolier', 'Earthshaker', 'Death Prophet']"
Team Secret,True,The Radiant,"['Shadow Fiend', 'Primal Beast', 'Sniper', 'Monkey King', 'Bloodseeker', 'Leshrac', 'Viper']","['Undying', 'Beastmaster', 'Tusk', 'Crystal Maiden', 'Naga Siren']"
Tundra Esports,True,The Dire,"['Shadow Fiend', 'Primal Beast', 'Sniper', 'Monkey King', 'Bloodseeker', 'Leshrac', 'Viper']","['Undying', 'Beastmaster', 'Tusk', 'Crystal Maiden', 'Naga Siren']"
Team Secret,True,The Dire,"['Enigma', 'Undying', 'Ancient Apparition', 'Ursa', 'Broodmother', 'Slark', 'Naga Siren']","['Marci', 'Morphling', 'Batrider', 'Witch Doctor', 'Doom']"
Tundra Esports,True,The Radiant,"['Enigma', 'Undying', 'Ancient Apparition', 'Ursa', 'Broodmother', 'Slark', 'Naga Siren']","['Marci', 'Morphling', 'Batrider', 'Witch Doctor', 'Doom']"
BOOM Esports,True,The Radiant,"['Snapfire', 'Marci', 'Ember Spirit', 'Mars', 'Bloodseeker', 'Pudge', 'Kunkka']","['Undying', 'Pangolier', 'Beastmaster', 'Skywrath Mage', 'Troll Warlord']"
BetBoom Team,True,The Dire,"['Snapfire', 'Marci', 'Ember Spirit', 'Mars', 'Bloodseeker', 'Pudge', 'Kunkka']","['Undying', 'Pangolier', 'Beastmaster', 'Skywrath Mage', 'Troll Warlord']"
BOOM Esports,True,The Radiant,"['Enigma', 'Visage', 'Beastmaster', 'Death Prophet', 'Enchantress', 'Riki', 'Earth Spirit']","['Undying', 'Ember Spirit', 'Mars', 'Hoodwink', 'Drow Ranger']"
BetBoom Team,True,The Dire,"['Enigma', 'Visage', 'Beastmaster', 'Death Prophet', 'Enchantress', 'Riki', 'Earth Spirit']","['Undying', 'Ember Spirit', 'Mars', 'Hoodwink', 'Drow Ranger']"
Knights,True,The Radiant,"['Tiny', 'Enigma', 'Lich', 'Lone Druid', 'Broodmother', 'Batrider', 'Mars']","['Shadow Fiend', 'Enchantress', 'Earthshaker', 'Visage', 'Luna']"
Gaimin Gladiators,True,The Dire,"['Tiny', 'Enigma', 'Lich', 'Lone Druid', 'Broodmother', 'Batrider', 'Mars']","['Shadow Fiend', 'Enchantress', 'Earthshaker', 'Visage', 'Luna']"
Knights,True,The Dire,"['Primal Beast', 'Brewmaster', 'Drow Ranger', 'Pangolier', 'Morphling', 'Batrider', 'Puck']","['Marci', 'Shadow Fiend', 'Beastmaster', 'Vengeful Spirit', 'Storm Spirit']"
Gaimin Gladiators,True,The Radiant,"['Primal Beast', 'Brewmaster', 'Drow Ranger', 'Pangolier', 'Morphling', 'Batrider', 'Puck']","['Marci', 'Shadow Fiend', 'Beastmaster', 'Vengeful Spirit', 'Storm Spirit']"
PSG.LGD,True,The Radiant,"['Shadow Fiend', 'Pudge', 'Sniper', 'Naga Siren', 'Visage', 'Terrorblade', 'Morphling']","['Enigma', 'Tiny', 'Lina', 'Disruptor', 'Lifestealer']"
Team Liquid,True,The Dire,"['Shadow Fiend', 'Pudge', 'Sniper', 'Naga Siren', 'Visage', 'Terrorblade', 'Morphling']","['Enigma', 'Tiny', 'Lina', 'Disruptor', 'Lifestealer']"
PSG.LGD,True,The Radiant,"['Shadow Fiend', 'Primal Beast', 'Visage', 'Terrorblade', 'Naga Siren', 'Beastmaster', 'Venomancer']","['Enigma', 'Tiny', 'Phoenix', 'Puck', 'Morphling']"
Team Liquid,True,The Dire,"['Shadow Fiend', 'Primal Beast', 'Visage', 'Terrorblade', 'Naga Siren', 'Beastmaster', 'Venomancer']","['Enigma', 'Tiny', 'Phoenix', 'Puck', 'Morphling']"
OG,True,The Dire,"['Undying', 'Enigma', 'Ancient Apparition', 'Beastmaster', 'Broodmother', 'Ursa', 'Slark']","['Clockwerk', 'Morphling', 'Oracle', 'Ember Spirit', 'Sand King']"
Thiuth Gaming,True,The Radiant,"['Undying', 'Enigma', 'Ancient Apparition', 'Beastmaster', 'Broodmother', 'Ursa', 'Slark']","['Clockwerk', 'Morphling', 'Oracle', 'Ember Spirit', 'Sand King']"
OG,True,The Radiant,"['Razor', 'Clockwerk', 'Ancient Apparition', 'Naga Siren', 'Huskar', 'Drow Ranger', 'Sniper']","['Marci', 'Morphling', 'Crystal Maiden', 'Ember Spirit', 'Mirana']"
Thiuth Gaming,True,The Dire,"['Razor', 'Clockwerk', 'Ancient Apparition', 'Naga Siren', 'Huskar', 'Drow Ranger', 'Sniper']","['Marci', 'Morphling', 'Crystal Maiden', 'Ember Spirit', 'Mirana']"
Shopify Rebellion,True,The Dire,"['Enigma', 'Clockwerk', 'Pudge', 'Tidehunter', 'Kunkka', 'Venomancer', 'Visage']","['Shadow Fiend', 'Beastmaster', 'Ogre Magi', 'Skywrath Mage', 'Storm Spirit']"
Ukumari,True,The Radiant,"['Enigma', 'Clockwerk', 'Pudge', 'Tidehunter', 'Kunkka', 'Venomancer', 'Visage']","['Shadow Fiend', 'Beastmaster', 'Ogre Magi', 'Skywrath Mage', 'Storm Spirit']"
Shopify Rebellion,True,The Radiant,"['Enigma', 'Clockwerk', 'Naga Siren', 'Tidehunter', 'Pangolier', 'Kunkka', 'Zeus']","['Shadow Fiend', 'Broodmother', 'Shadow Shaman', 'Ogre Magi', 'Invoker']"
Ukumari,True,The Dire,"['Enigma', 'Clockwerk', 'Naga Siren', 'Tidehunter', 'Pangolier', 'Kunkka', 'Zeus']","['Shadow Fiend', 'Broodmother', 'Shadow Shaman', 'Ogre Magi', 'Invoker']"
Tundra Esports,True,The Dire,"['Primal Beast', 'Shadow Fiend', 'Templar Assassin', 'Batrider', 'Monkey King', 'Visage', 'Beastmaster']","['Doom', 'Silencer', 'Kunkka', 'Hoodwink', 'Naga Siren']"
Talon,True,The Radiant,"['Primal Beast', 'Shadow Fiend', 'Templar Assassin', 'Batrider', 'Monkey King', 'Visage', 'Beastmaster']","['Doom', 'Silencer', 'Kunkka', 'Hoodwink', 'Naga Siren']"
Tundra Esports,True,The Radiant,"['Broodmother', 'Undying', 'Tiny', 'Naga Siren', 'Drow Ranger', 'Ursa', 'Lone Druid']","['Marci', 'Ember Spirit', 'Morphling', 'Silencer', 'Brewmaster']"
Talon,True,The Dire,"['Broodmother', 'Undying', 'Tiny', 'Naga Siren', 'Drow Ranger', 'Ursa', 'Lone Druid']","['Marci', 'Ember Spirit', 'Morphling', 'Silencer', 'Brewmaster']"
Team Secret,True,The Dire,"['Leshrac', 'Silencer', 'Broodmother', 'Mirana', 'Naga Siren', 'Monkey King', 'Viper']","['Chen', 'Drow Ranger', 'Visage', 'Earthshaker', 'Queen of Pain']"
TSM,True,The Radiant,"['Leshrac', 'Silencer', 'Broodmother', 'Mirana', 'Naga Siren', 'Monkey King', 'Viper']","['Chen', 'Drow Ranger', 'Visage', 'Earthshaker', 'Queen of Pain']"
Team Secret,True,The Radiant,"['Enigma', 'Tiny', 'Vengeful Spirit', 'Undying', 'Hoodwink', 'Silencer', 'Winter Wyvern']","['Shadow Fiend', 'Nyx Assassin', 'Crystal Maiden', 'Dawnbreaker', 'Mirana']"
TSM,True,The Dire,"['Enigma', 'Tiny', 'Vengeful Spirit', 'Undying', 'Hoodwink', 'Silencer', 'Winter Wyvern']","['Shadow Fiend', 'Nyx Assassin', 'Crystal Maiden', 'Dawnbreaker', 'Mirana']"
Team Aster,True,The Radiant,"['Leshrac', 'Pudge', 'Arc Warden', 'Drow Ranger', 'Sniper', 'Invoker', 'Puck']","['Snapfire', 'Shadow Fiend', 'Omniknight', 'Mars', 'Lone Druid']"
Entity,True,The Dire,"['Leshrac', 'Pudge', 'Arc Warden', 'Drow Ranger', 'Sniper', 'Invoker', 'Puck']","['Snapfire', 'Shadow Fiend', 'Omniknight', 'Mars', 'Lone Druid']"
Team Aster,True,The Dire,"['Leshrac', 'Arc Warden', 'Drow Ranger', 'Morphling', 'Sniper', 'Batrider', 'Invoker']","['Clockwerk', 'Shadow Fiend', 'Omniknight', 'Pudge', 'Magnus']"
Entity,True,The Radiant,"['Leshrac', 'Arc Warden', 'Drow Ranger', 'Morphling', 'Sniper', 'Batrider', 'Invoker']","['Clockwerk', 'Shadow Fiend', 'Omniknight', 'Pudge', 'Magnus']"
Team Spirit,True,The Dire,"['Primal Beast', 'Clockwerk', 'Gyrocopter', 'Kunkka', 'Rubick', 'Beastmaster', 'Silencer']","['Nyx Assassin', 'Enigma', 'Bane', 'Storm Spirit', 'Faceless Void']"
Thunder Awaken,True,The Radiant,"['Primal Beast', 'Clockwerk', 'Gyrocopter', 'Kunkka', 'Rubick', 'Beastmaster', 'Silencer']","['Nyx Assassin', 'Enigma', 'Bane', 'Storm Spirit', 'Faceless Void']"
Team Spirit,True,The Dire,"['Undying', 'Dawnbreaker', 'Gyrocopter', 'Pudge', 'Zeus', 'Bane', 'Rubick']","['Tiny', 'Enigma', 'Pangolier', 'Jakiro', 'Troll Warlord']"
Thunder Awaken,True,The Radiant,"['Undying', 'Dawnbreaker', 'Gyrocopter', 'Pudge', 'Zeus', 'Bane', 'Rubick']","['Tiny', 'Enigma', 'Pangolier', 'Jakiro', 'Troll Warlord']"
Fnatic,True,The Dire,"['Death Prophet', 'Silencer', 'Oracle', 'Invoker', 'Slark', 'Puck', 'Storm Spirit']","['Undying', 'Batrider', 'Earthshaker', 'Lina', 'Juggernaut']"
beastcoast,True,The Radiant,"['Death Prophet', 'Silencer', 'Oracle', 'Invoker', 'Slark', 'Puck', 'Storm Spirit']","['Undying', 'Batrider', 'Earthshaker', 'Lina', 'Juggernaut']"
Fnatic,True,The Dire,"['Silencer', 'Death Prophet', 'Bloodseeker', 'Lifestealer', 'Lina', 'Outworld Destroyer', 'Legion Commander']","['Marci', 'Pangolier', 'Kunkka', 'Shadow Shaman', 'Medusa']"
beastcoast,True,The Radiant,"['Silencer', 'Death Prophet', 'Bloodseeker', 'Lifestealer', 'Lina', 'Outworld Destroyer', 'Legion Commander']","['Marci', 'Pangolier', 'Kunkka', 'Shadow Shaman', 'Medusa']"
Knights,True,The Dire,"['Primal Beast', 'Lina', 'Monkey King', 'Naga Siren', 'Pangolier', 'Beastmaster', 'Lycan']","['Marci', 'Disruptor', 'Death Prophet', 'Batrider', 'Drow Ranger']"
Thiuth Gaming,True,The Radiant,"['Primal Beast', 'Lina', 'Monkey King', 'Naga Siren', 'Pangolier', 'Beastmaster', 'Lycan']","['Marci', 'Disruptor', 'Death Prophet', 'Batrider', 'Drow Ranger']"
Knights,True,The Dire,"['Enigma', 'Lina', 'Morphling', 'Broodmother', 'Batrider', 'Ursa', 'Slark']","['Shadow Fiend', 'Undying', 'Rubick', 'Doom', 'Void Spirit']"
Thiuth Gaming,True,The Radiant,"['Enigma', 'Lina', 'Morphling', 'Broodmother', 'Batrider', 'Ursa', 'Slark']","['Shadow Fiend', 'Undying', 'Rubick', 'Doom', 'Void Spirit']"
BOOM Esports,True,The Radiant,"['Snapfire', 'Primal Beast', 'Faceless Void', 'Drow Ranger', 'Mars', 'Slark', 'Ursa']","['Marci', 'Shadow Fiend', 'Rubick', 'Pangolier', 'Beastmaster']"
Gaimin Gladiators,True,The Dire,"['Snapfire', 'Primal Beast', 'Faceless Void', 'Drow Ranger', 'Mars', 'Slark', 'Ursa']","['Marci', 'Shadow Fiend', 'Rubick', 'Pangolier', 'Beastmaster']"
BOOM Esports,True,The Radiant,"['Snapfire', 'Primal Beast', 'Weaver', 'Puck', 'Kunkka', 'Lina', 'Templar Assassin']","['Marci', 'Enchantress', 'Brewmaster', 'Storm Spirit', 'Faceless Void']"
Gaimin Gladiators,True,The Dire,"['Snapfire', 'Primal Beast', 'Weaver', 'Puck', 'Kunkka', 'Lina', 'Templar Assassin']","['Marci', 'Enchantress', 'Brewmaster', 'Storm Spirit', 'Faceless Void']"
Shopify Rebellion,True,The Dire,"['Clockwerk', 'Enigma', 'Naga Siren', 'Tidehunter', 'Pangolier', 'Venomancer', 'Timbersaw']","['Undying', 'Broodmother', 'Queen of Pain', 'Hoodwink', 'Sven']"
Team Liquid,True,The Radiant,"['Clockwerk', 'Enigma', 'Naga Siren', 'Tidehunter', 'Pangolier', 'Venomancer', 'Timbersaw']","['Undying', 'Broodmother', 'Queen of Pain', 'Hoodwink', 'Sven']"
Shopify Rebellion,True,The Radiant,"['Shadow Fiend', 'Primal Beast', 'Snapfire', 'Tidehunter', 'Broodmother', 'Invoker', 'Batrider']","['Enigma', 'Lone Druid', 'Tiny', 'Crystal Maiden', 'Leshrac']"
Team Liquid,True,The Dire,"['Shadow Fiend', 'Primal Beast', 'Snapfire', 'Tidehunter', 'Broodmother', 'Invoker', 'Batrider']","['Enigma', 'Lone Druid', 'Tiny', 'Crystal Maiden', 'Leshrac']"
Ukumari,True,The Radiant,"['Enigma', 'Shadow Fiend', 'Templar Assassin', 'Bloodseeker', 'Puck', 'Ember Spirit', 'Batrider']","['Undying', 'Pangolier', 'Beastmaster', 'Shadow Shaman', ""Nature's Prophet""]"
BetBoom Team,True,The Dire,"['Enigma', 'Shadow Fiend', 'Templar Assassin', 'Bloodseeker', 'Puck', 'Ember Spirit', 'Batrider']","['Undying', 'Pangolier', 'Beastmaster', 'Shadow Shaman', ""Nature's Prophet""]"
Ukumari,True,The Radiant,"['Visage', 'Enigma', 'Bloodseeker', 'Sniper', 'Morphling', ""Nature's Prophet"", 'Monkey King']","['Shadow Fiend', 'Pangolier', 'Mirana', 'Abaddon', 'Huskar']"
BetBoom Team,True,The Dire,"['Visage', 'Enigma', 'Bloodseeker', 'Sniper', 'Morphling', ""Nature's Prophet"", 'Monkey King']","['Shadow Fiend', 'Pangolier', 'Mirana', 'Abaddon', 'Huskar']"
PSG.LGD,True,The Radiant,"['Clockwerk', 'Chen', 'Batrider', 'Snapfire', 'Terrorblade', 'Invoker', 'Ember Spirit']","['Undying', 'Shadow Fiend', 'Nyx Assassin', 'Pangolier', 'Venomancer']"
OG,True,The Dire,"['Clockwerk', 'Chen', 'Batrider', 'Snapfire', 'Terrorblade', 'Invoker', 'Ember Spirit']","['Undying', 'Shadow Fiend', 'Nyx Assassin', 'Pangolier', 'Venomancer']"
PSG.LGD,True,The Radiant,"['Clockwerk', 'Chen', 'Batrider', 'Terrorblade', 'Morphling', 'Slardar', 'Mars']","['Primal Beast', 'Death Prophet', 'Pangolier', 'Dazzle', ""Nature's Prophet""]"
OG,True,The Dire,"['Clockwerk', 'Chen', 'Batrider', 'Terrorblade', 'Morphling', 'Slardar', 'Mars']","['Primal Beast', 'Death Prophet', 'Pangolier', 'Dazzle', ""Nature's Prophet""]"
Fnatic,True,The Dire,"['Nyx Assassin', 'Silencer', 'Monkey King', 'Dawnbreaker', 'Razor', 'Templar Assassin', 'Gyrocopter']","['Enigma', 'Tiny', 'Crystal Maiden', 'Bloodseeker', 'Queen of Pain']"
Team Secret,True,The Radiant,"['Nyx Assassin', 'Silencer', 'Monkey King', 'Dawnbreaker', 'Razor', 'Templar Assassin', 'Gyrocopter']","['Enigma', 'Tiny', 'Crystal Maiden', 'Bloodseeker', 'Queen of Pain']"
Fnatic,True,The Radiant,"['Nyx Assassin', 'Primal Beast', 'Bloodseeker', 'Templar Assassin', 'Monkey King', 'Faceless Void', 'Razor']","['Enigma', 'Pangolier', 'Undying', 'Terrorblade', 'Tusk']"
Team Secret,True,The Dire,"['Nyx Assassin', 'Primal Beast', 'Bloodseeker', 'Templar Assassin', 'Monkey King', 'Faceless Void', 'Razor']","['Enigma', 'Pangolier', 'Undying', 'Terrorblade', 'Tusk']"
Team Spirit,True,The Radiant,"['Primal Beast', 'Leshrac', 'Enigma', 'Enchantress', 'Morphling', 'Naga Siren', 'Phantom Lancer']","['Undying', 'Doom', 'Tiny', 'Visage', 'Templar Assassin']"
Talon,True,The Dire,"['Primal Beast', 'Leshrac', 'Enigma', 'Enchantress', 'Morphling', 'Naga Siren', 'Phantom Lancer']","['Undying', 'Doom', 'Tiny', 'Visage', 'Templar Assassin']"
Team Spirit,True,The Dire,"['Primal Beast', 'Leshrac', 'Rubick', 'Enchantress', 'Winter Wyvern', 'Sven', 'Weaver']","['Marci', 'Enigma', 'Drow Ranger', 'Tusk', 'Queen of Pain']"
Talon,True,The Radiant,"['Primal Beast', 'Leshrac', 'Rubick', 'Enchantress', 'Winter Wyvern', 'Sven', 'Weaver']","['Marci', 'Enigma', 'Drow Ranger', 'Tusk', 'Queen of Pain']"
Thunder Awaken,True,The Radiant,"['Tiny', 'Dawnbreaker', 'Nyx Assassin', 'Pudge', 'Monkey King', 'Batrider', 'Ember Spirit']","['Marci', 'Leshrac', 'Broodmother', 'Jakiro', 'Arc Warden']"
Entity,True,The Dire,"['Tiny', 'Dawnbreaker', 'Nyx Assassin', 'Pudge', 'Monkey King', 'Batrider', 'Ember Spirit']","['Marci', 'Leshrac', 'Broodmother', 'Jakiro', 'Arc Warden']"
Thunder Awaken,True,The Radiant,"['Visage', 'Silencer', 'Broodmother', 'Jakiro', 'Morphling', 'Lycan', 'Mirana']","['Marci', 'Undying', 'Hoodwink', 'Zeus', 'Luna']"
Entity,True,The Dire,"['Visage', 'Silencer', 'Broodmother', 'Jakiro', 'Morphling', 'Lycan', 'Mirana']","['Marci', 'Undying', 'Hoodwink', 'Zeus', 'Luna']"
beastcoast,True,The Radiant,"['Pangolier', 'Marci', 'Timbersaw', 'Shadow Fiend', 'Batrider', 'Gyrocopter', 'Phantom Lancer']","['Enigma', 'Earthshaker', 'Ember Spirit', 'Oracle', 'Terrorblade']"
Tundra Esports,True,The Dire,"['Pangolier', 'Marci', 'Timbersaw', 'Shadow Fiend', 'Batrider', 'Gyrocopter', 'Phantom Lancer']","['Enigma', 'Earthshaker', 'Ember Spirit', 'Oracle', 'Terrorblade']"
beastcoast,True,The Radiant,"['Broodmother', 'Visage', 'Necrophos', 'Grimstroke', 'Pangolier', 'Batrider', 'Outworld Destroyer']","['Marci', 'Chaos Knight', 'Dawnbreaker', 'Snapfire', 'Underlord']"
Tundra Esports,True,The Dire,"['Broodmother', 'Visage', 'Necrophos', 'Grimstroke', 'Pangolier', 'Batrider', 'Outworld Destroyer']","['Marci', 'Chaos Knight', 'Dawnbreaker', 'Snapfire', 'Underlord']"
Team Aster,True,The Dire,"['Enigma', 'Chen', 'Broodmother', 'Dark Seer', 'Sniper', 'Pudge', 'Naga Siren']","['Marci', 'Drow Ranger', 'Visage', 'Sven', 'Puck']"
TSM,True,The Radiant,"['Enigma', 'Chen', 'Broodmother', 'Dark Seer', 'Sniper', 'Pudge', 'Naga Siren']","['Marci', 'Drow Ranger', 'Visage', 'Sven', 'Puck']"
Team Aster,True,The Radiant,"['Enigma', 'Chen', 'Dark Seer', 'Broodmother', 'Sniper', 'Batrider', 'Lifestealer']","['Snapfire', 'Drow Ranger', 'Sven', 'Leshrac', 'Brewmaster']"
TSM,True,The Dire,"['Enigma', 'Chen', 'Dark Seer', 'Broodmother', 'Sniper', 'Batrider', 'Lifestealer']","['Snapfire', 'Drow Ranger', 'Sven', 'Leshrac', 'Brewmaster']"
Knights,True,The Dire,"['Primal Beast', 'Undying', 'Pangolier', 'Death Prophet', 'Beastmaster', 'Naga Siren', 'Bloodseeker']","['Enigma', 'Tiny', 'Disruptor', 'Slark', 'Ember Spirit']"
BOOM Esports,True,The Radiant,"['Primal Beast', 'Undying', 'Pangolier', 'Death Prophet', 'Beastmaster', 'Naga Siren', 'Bloodseeker']","['Enigma', 'Tiny', 'Disruptor', 'Slark', 'Ember Spirit']"
Knights,True,The Dire,"['Shadow Fiend', 'Enigma', 'Broodmother', 'Batrider', 'Morphling', 'Mars', 'Visage']","['Marci', 'Chen', 'Ember Spirit', 'Nyx Assassin', 'Sniper']"
BOOM Esports,True,The Radiant,"['Shadow Fiend', 'Enigma', 'Broodmother', 'Batrider', 'Morphling', 'Mars', 'Visage']","['Marci', 'Chen', 'Ember Spirit', 'Nyx Assassin', 'Sniper']"
PSG.LGD,True,The Dire,"['Enigma', 'Visage', 'Ancient Apparition', 'Doom', 'Beastmaster', 'Death Prophet', 'Grimstroke']","['Primal Beast', 'Morphling', 'Leshrac', 'Abaddon', 'Snapfire']"
Thiuth Gaming,True,The Radiant,"['Enigma', 'Visage', 'Ancient Apparition', 'Doom', 'Beastmaster', 'Death Prophet', 'Grimstroke']","['Primal Beast', 'Morphling', 'Leshrac', 'Abaddon', 'Snapfire']"
PSG.LGD,True,The Radiant,"['Clockwerk', 'Undying', 'Ember Spirit', 'Kunkka', 'Monkey King', 'Enchantress', 'Shadow Demon']","['Chen', 'Rubick', 'Leshrac', 'Mars', 'Templar Assassin']"
Thiuth Gaming,True,The Dire,"['Clockwerk', 'Undying', 'Ember Spirit', 'Kunkka', 'Monkey King', 'Enchantress', 'Shadow Demon']","['Chen', 'Rubick', 'Leshrac', 'Mars', 'Templar Assassin']"
Ukumari,True,The Radiant,"['Primal Beast', 'Silencer', 'Drow Ranger', 'Broodmother', 'Sniper', 'Invoker', 'Leshrac']","['Enigma', 'Shadow Fiend', 'Tiny', 'Crystal Maiden', 'Pudge']"
Gaimin Gladiators,True,The Dire,"['Primal Beast', 'Silencer', 'Drow Ranger', 'Broodmother', 'Sniper', 'Invoker', 'Leshrac']","['Enigma', 'Shadow Fiend', 'Tiny', 'Crystal Maiden', 'Pudge']"
Ukumari,True,The Radiant,"['Enigma', 'Shadow Fiend', 'Ancient Apparition', 'Drow Ranger', 'Slark', 'Puck', 'Lina']","['Enchantress', 'Morphling', 'Silencer', 'Brewmaster', 'Pangolier']"
Gaimin Gladiators,True,The Dire,"['Enigma', 'Shadow Fiend', 'Ancient Apparition', 'Drow Ranger', 'Slark', 'Puck', 'Lina']","['Enchantress', 'Morphling', 'Silencer', 'Brewmaster', 'Pangolier']"
Shopify Rebellion,True,The Radiant,"['Primal Beast', 'Enchantress', 'Broodmother', 'Phoenix', 'Faceless Void', 'Batrider', 'Queen of Pain']","['Clockwerk', 'Terrorblade', 'Timbersaw', 'Dark Willow', 'Void Spirit']"
OG,True,The Dire,"['Primal Beast', 'Enchantress', 'Broodmother', 'Phoenix', 'Faceless Void', 'Batrider', 'Queen of Pain']","['Clockwerk', 'Terrorblade', 'Timbersaw', 'Dark Willow', 'Void Spirit']"
Shopify Rebellion,True,The Dire,"['Clockwerk', 'Razor', 'Timbersaw', 'Tidehunter', 'Naga Siren', 'Centaur Warrunner', 'Slardar']","['Primal Beast', 'Broodmother', 'Undying', 'Hoodwink', 'Shadow Fiend']"
OG,True,The Radiant,"['Clockwerk', 'Razor', 'Timbersaw', 'Tidehunter', 'Naga Siren', 'Centaur Warrunner', 'Slardar']","['Primal Beast', 'Broodmother', 'Undying', 'Hoodwink', 'Shadow Fiend']"
Team Liquid,True,The Radiant,"['Snapfire', 'Shadow Fiend', 'Lone Druid', 'Viper', 'Naga Siren', 'Slark', 'Ursa']","['Marci', 'Faceless Void', 'Enchantress', 'Phoenix', 'Zeus']"
BetBoom Team,True,The Dire,"['Snapfire', 'Shadow Fiend', 'Lone Druid', 'Viper', 'Naga Siren', 'Slark', 'Ursa']","['Marci', 'Faceless Void', 'Enchantress', 'Phoenix', 'Zeus']"
Team Liquid,True,The Dire,"['Enigma', 'Visage', 'Pangolier', 'Slardar', 'Pudge', 'Ancient Apparition', 'Nyx Assassin']","['Primal Beast', 'Snapfire', 'Leshrac', 'Tidehunter', 'Naga Siren']"
BetBoom Team,True,The Radiant,"['Enigma', 'Visage', 'Pangolier', 'Slardar', 'Pudge', 'Ancient Apparition', 'Nyx Assassin']","['Primal Beast', 'Snapfire', 'Leshrac', 'Tidehunter', 'Naga Siren']"
Fnatic,True,The Radiant,"['Hoodwink', 'Silencer', 'Kunkka', 'Bristleback', 'Dark Seer', 'Lion', 'Snapfire']","['Marci', 'Enigma', 'Zeus', 'Monkey King', 'Leshrac']"
Thunder Awaken,True,The Dire,"['Hoodwink', 'Silencer', 'Kunkka', 'Bristleback', 'Dark Seer', 'Lion', 'Snapfire']","['Marci', 'Enigma', 'Zeus', 'Monkey King', 'Leshrac']"
Fnatic,True,The Radiant,"['Tiny', 'Hoodwink', 'Nyx Assassin', 'Slark', 'Faceless Void', 'Queen of Pain', 'Puck']","['Marci', 'Batrider', 'Centaur Warrunner', 'Templar Assassin', 'Razor']"
Thunder Awaken,True,The Dire,"['Tiny', 'Hoodwink', 'Nyx Assassin', 'Slark', 'Faceless Void', 'Queen of Pain', 'Puck']","['Marci', 'Batrider', 'Centaur Warrunner', 'Templar Assassin', 'Razor']"
Team Aster,True,The Dire,"['Enigma', 'Undying', 'Broodmother', 'Monkey King', 'Beastmaster', 'Underlord', 'Viper']","['Primal Beast', 'Invoker', 'Faceless Void', 'Snapfire', 'Rubick']"
Talon,True,The Radiant,"['Enigma', 'Undying', 'Broodmother', 'Monkey King', 'Beastmaster', 'Underlord', 'Viper']","['Primal Beast', 'Invoker', 'Faceless Void', 'Snapfire', 'Rubick']"
Team Aster,True,The Dire,"['Shadow Fiend', 'Pangolier', 'Batrider', 'Invoker', 'Sniper', 'Naga Siren', 'Luna']","['Primal Beast', 'Snapfire', 'Drow Ranger', 'Jakiro', 'Broodmother']"
Talon,True,The Radiant,"['Shadow Fiend', 'Pangolier', 'Batrider', 'Invoker', 'Sniper', 'Naga Siren', 'Luna']","['Primal Beast', 'Snapfire', 'Drow Ranger', 'Jakiro', 'Broodmother']"
TSM,True,The Dire,"['Broodmother', 'Doom', 'Sniper', 'Drow Ranger', 'Terrorblade', 'Queen of Pain', 'Invoker']","['Marci', 'Shadow Fiend', 'Warlock', 'Hoodwink', 'Pudge']"
Tundra Esports,True,The Radiant,"['Broodmother', 'Doom', 'Sniper', 'Drow Ranger', 'Terrorblade', 'Queen of Pain', 'Invoker']","['Marci', 'Shadow Fiend', 'Warlock', 'Hoodwink', 'Pudge']"
TSM,True,The Dire,"['Doom', 'Broodmother', 'Drow Ranger', 'Ancient Apparition', 'Naga Siren', 'Lina', 'Batrider']","['Marci', 'Morphling', 'Warlock', 'Hoodwink', 'Brewmaster']"
Tundra Esports,True,The Radiant,"['Doom', 'Broodmother', 'Drow Ranger', 'Ancient Apparition', 'Naga Siren', 'Lina', 'Batrider']","['Marci', 'Morphling', 'Warlock', 'Hoodwink', 'Brewmaster']"
Team Secret,True,The Radiant,"['Enigma', 'Shadow Fiend', 'Ancient Apparition', 'Lina', 'Drow Ranger', 'Batrider', 'Zeus']","['Chen', 'Morphling', 'Earth Spirit', 'Leshrac', 'Slardar']"
beastcoast,True,The Dire,"['Enigma', 'Shadow Fiend', 'Ancient Apparition', 'Lina', 'Drow Ranger', 'Batrider', 'Zeus']","['Chen', 'Morphling', 'Earth Spirit', 'Leshrac', 'Slardar']"
Team Secret,True,The Dire,"['Nyx Assassin', 'Razor', 'Morphling', 'Lina', 'Batrider', 'Bloodseeker', 'Dawnbreaker']","['Enigma', 'Shadow Fiend', 'Spirit Breaker', 'Slark', 'Lycan']"
beastcoast,True,The Radiant,"['Nyx Assassin', 'Razor', 'Morphling', 'Lina', 'Batrider', 'Bloodseeker', 'Dawnbreaker']","['Enigma', 'Shadow Fiend', 'Spirit Breaker', 'Slark', 'Lycan']"
Team Spirit,True,The Dire,"['Undying', 'Clockwerk', 'Bloodseeker', 'Shadow Fiend', 'Ember Spirit', 'Brewmaster', 'Tiny']","['Nyx Assassin', 'Pangolier', 'Enchantress', 'Beastmaster', 'Lifestealer']"
Entity,True,The Radiant,"['Undying', 'Clockwerk', 'Bloodseeker', 'Shadow Fiend', 'Ember Spirit', 'Brewmaster', 'Tiny']","['Nyx Assassin', 'Pangolier', 'Enchantress', 'Beastmaster', 'Lifestealer']"
Team Spirit,True,The Dire,"['Undying', 'Clockwerk', 'Batrider', 'Pangolier', 'Ember Spirit', 'Morphling', 'Pudge']","['Marci', 'Invoker', 'Enchantress', 'Faceless Void', 'Mars']"
Entity,True,The Radiant,"['Undying', 'Clockwerk', 'Batrider', 'Pangolier', 'Ember Spirit', 'Morphling', 'Pudge']","['Marci', 'Invoker', 'Enchantress', 'Faceless Void', 'Mars']"
Team Liquid,True,The Dire,"['Shadow Fiend', 'Enigma', 'Ancient Apparition', 'Broodmother', 'Naga Siren', 'Visage', 'Tidehunter']","['Clockwerk', 'Morphling', 'Witch Doctor', 'Centaur Warrunner', 'Lycan']"
Thiuth Gaming,True,The Radiant,"['Shadow Fiend', 'Enigma', 'Ancient Apparition', 'Broodmother', 'Naga Siren', 'Visage', 'Tidehunter']","['Clockwerk', 'Morphling', 'Witch Doctor', 'Centaur Warrunner', 'Lycan']"
Team Liquid,True,The Radiant,"['Shadow Fiend', 'Enigma', 'Beastmaster', 'Drow Ranger', 'Pudge', 'Void Spirit', 'Mars']","['Snapfire', 'Morphling', 'Broodmother', 'Spirit Breaker', 'Pangolier']"
Thiuth Gaming,True,The Dire,"['Shadow Fiend', 'Enigma', 'Beastmaster', 'Drow Ranger', 'Pudge', 'Void Spirit', 'Mars']","['Snapfire', 'Morphling', 'Broodmother', 'Spirit Breaker', 'Pangolier']"
Knights,True,The Radiant,"['Shadow Fiend', 'Undying', 'Faceless Void', 'Broodmother', 'Legion Commander', 'Morphling', 'Weaver']","['Marci', 'Batrider', 'Beastmaster', 'Skywrath Mage', 'Sniper']"
BetBoom Team,True,The Dire,"['Shadow Fiend', 'Undying', 'Faceless Void', 'Broodmother', 'Legion Commander', 'Morphling', 'Weaver']","['Marci', 'Batrider', 'Beastmaster', 'Skywrath Mage', 'Sniper']"
Knights,True,The Dire,"['Visage', 'Enigma', 'Beastmaster', 'Pangolier', 'Sniper', 'Monkey King', 'Slardar']","['Marci', 'Shadow Demon', 'Leshrac', 'Centaur Warrunner', 'Anti-Mage']"
BetBoom Team,True,The Radiant,"['Visage', 'Enigma', 'Beastmaster', 'Pangolier', 'Sniper', 'Monkey King', 'Slardar']","['Marci', 'Shadow Demon', 'Leshrac', 'Centaur Warrunner', 'Anti-Mage']"
OG,True,The Dire,"['Enchantress', 'Primal Beast', 'Faceless Void', 'Tiny', 'Beastmaster', 'Bloodseeker', 'Shadow Fiend']","['Elder Titan', 'Slark', 'Jakiro', 'Void Spirit', 'Timbersaw']"
Gaimin Gladiators,True,The Radiant,"['Enchantress', 'Primal Beast', 'Faceless Void', 'Tiny', 'Beastmaster', 'Bloodseeker', 'Shadow Fiend']","['Elder Titan', 'Slark', 'Jakiro', 'Void Spirit', 'Timbersaw']"
OG,True,The Radiant,"['Timbersaw', 'Jakiro', 'Ancient Apparition', 'Drow Ranger', 'Invoker', 'Void Spirit', 'Templar Assassin']","['Primal Beast', 'Morphling', 'Disruptor', 'Enigma', 'Leshrac']"
Gaimin Gladiators,True,The Dire,"['Timbersaw', 'Jakiro', 'Ancient Apparition', 'Drow Ranger', 'Invoker', 'Void Spirit', 'Templar Assassin']","['Primal Beast', 'Morphling', 'Disruptor', 'Enigma', 'Leshrac']"
BOOM Esports,True,The Dire,"['Primal Beast', 'Kunkka', 'Bloodseeker', 'Puck', 'Shadow Fiend', 'Alchemist', 'Pudge']","['Enigma', 'Pangolier', 'Witch Doctor', 'Nyx Assassin', 'Phantom Assassin']"
Ukumari,True,The Radiant,"['Primal Beast', 'Kunkka', 'Bloodseeker', 'Puck', 'Shadow Fiend', 'Alchemist', 'Pudge']","['Enigma', 'Pangolier', 'Witch Doctor', 'Nyx Assassin', 'Phantom Assassin']"
BOOM Esports,True,The Radiant,"['Morphling', 'Undying', 'Enigma', 'Batrider', 'Rubick', 'Brewmaster', 'Venomancer']","['Snapfire', 'Magnus', 'Enchantress', 'Mars', 'Terrorblade']"
Ukumari,True,The Dire,"['Morphling', 'Undying', 'Enigma', 'Batrider', 'Rubick', 'Brewmaster', 'Venomancer']","['Snapfire', 'Magnus', 'Enchantress', 'Mars', 'Terrorblade']"
PSG.LGD,True,The Radiant,"['Undying', 'Chen', 'Naga Siren', 'Pudge', 'Broodmother', 'Beastmaster', 'Dawnbreaker']","['Marci', 'Visage', 'Mars', 'Oracle', 'Luna']"
Shopify Rebellion,True,The Dire,"['Undying', 'Chen', 'Naga Siren', 'Pudge', 'Broodmother', 'Beastmaster', 'Dawnbreaker']","['Marci', 'Visage', 'Mars', 'Oracle', 'Luna']"
PSG.LGD,True,The Radiant,"['Undying', 'Chen', 'Batrider', 'Invoker', 'Dawnbreaker', 'Lina', 'Tiny']","['Primal Beast', 'Doom', 'Slark', 'Lich', 'Puck']"
Shopify Rebellion,True,The Dire,"['Undying', 'Chen', 'Batrider', 'Invoker', 'Dawnbreaker', 'Lina', 'Tiny']","['Primal Beast', 'Doom', 'Slark', 'Lich', 'Puck']"
TSM,True,The Dire,"['Enigma', 'Primal Beast', 'Bloodseeker', 'Queen of Pain', 'Beastmaster', 'Mars', 'Night Stalker']","['Shadow Fiend', 'Pangolier', 'Earthshaker', 'Disruptor', 'Doom']"
Talon,True,The Radiant,"['Enigma', 'Primal Beast', 'Bloodseeker', 'Queen of Pain', 'Beastmaster', 'Mars', 'Night Stalker']","['Shadow Fiend', 'Pangolier', 'Earthshaker', 'Disruptor', 'Doom']"
TSM,True,The Radiant,"['Doom', 'Shadow Fiend', 'Drow Ranger', 'Ancient Apparition', 'Naga Siren', 'Pudge', 'Lone Druid']","['Marci', 'Morphling', 'Tiny', 'Chen', 'Death Prophet']"
Talon,True,The Dire,"['Doom', 'Shadow Fiend', 'Drow Ranger', 'Ancient Apparition', 'Naga Siren', 'Pudge', 'Lone Druid']","['Marci', 'Morphling', 'Tiny', 'Chen', 'Death Prophet']"
Team Aster,True,The Dire,"['Batrider', 'Chen', 'Shadow Demon', 'Oracle', 'Leshrac', 'Morphling', 'Terrorblade']","['Marci', 'Primal Beast', 'Jakiro', 'Luna', 'Mars']"
Tundra Esports,True,The Radiant,"['Batrider', 'Chen', 'Shadow Demon', 'Oracle', 'Leshrac', 'Morphling', 'Terrorblade']","['Marci', 'Primal Beast', 'Jakiro', 'Luna', 'Mars']"
Team Aster,True,The Radiant,"['Pangolier', 'Shadow Fiend', 'Naga Siren', 'Visage', 'Morphling', 'Faceless Void', 'Phantom Assassin']","['Enigma', 'Shadow Demon', 'Earthshaker', 'Void Spirit', 'Ursa']"
Tundra Esports,True,The Dire,"['Pangolier', 'Shadow Fiend', 'Naga Siren', 'Visage', 'Morphling', 'Faceless Void', 'Phantom Assassin']","['Enigma', 'Shadow Demon', 'Earthshaker', 'Void Spirit', 'Ursa']"
Fnatic,True,The Radiant,"['Primal Beast', 'Chen', 'Ancient Apparition', 'Shadow Demon', 'Beastmaster', 'Drow Ranger', 'Troll Warlord']","['Undying', 'Death Prophet', 'Hoodwink', 'Morphling', 'Monkey King']"
Team Spirit,True,The Dire,"['Primal Beast', 'Chen', 'Ancient Apparition', 'Shadow Demon', 'Beastmaster', 'Drow Ranger', 'Troll Warlord']","['Undying', 'Death Prophet', 'Hoodwink', 'Morphling', 'Monkey King']"
Fnatic,True,The Radiant,"['Enigma', 'Visage', 'Faceless Void', 'Lone Druid', 'Monkey King', 'Batrider', 'Venomancer']","['Clockwerk', 'Void Spirit', 'Rubick', 'Shadow Fiend', 'Mars']"
Team Spirit,True,The Dire,"['Enigma', 'Visage', 'Faceless Void', 'Lone Druid', 'Monkey King', 'Batrider', 'Venomancer']","['Clockwerk', 'Void Spirit', 'Rubick', 'Shadow Fiend', 'Mars']"
beastcoast,True,The Radiant,"['Visage', 'Nyx Assassin', 'Earthshaker', 'Undying', 'Batrider', 'Zeus', 'Invoker']","['Enigma', 'Tiny', 'Terrorblade', 'Venomancer', 'Abaddon']"
Entity,True,The Dire,"['Visage', 'Nyx Assassin', 'Earthshaker', 'Undying', 'Batrider', 'Zeus', 'Invoker']","['Enigma', 'Tiny', 'Terrorblade', 'Venomancer', 'Abaddon']"
beastcoast,True,The Radiant,"['Clockwerk', 'Leshrac', 'Batrider', 'Venomancer', 'Gyrocopter', 'Phantom Lancer', 'Slark']","['Marci', 'Shadow Fiend', 'Naga Siren', 'Disruptor', 'Slardar']"
Entity,True,The Dire,"['Clockwerk', 'Leshrac', 'Batrider', 'Venomancer', 'Gyrocopter', 'Phantom Lancer', 'Slark']","['Marci', 'Shadow Fiend', 'Naga Siren', 'Disruptor', 'Slardar']"
Team Secret,True,The Dire,"['Enigma', 'Tiny', 'Sniper', 'Batrider', 'Mars', 'Templar Assassin', 'Chaos Knight']","['Marci', 'Shadow Fiend', 'Chen', 'Mirana', 'Ursa']"
Thunder Awaken,True,The Radiant,"['Enigma', 'Tiny', 'Sniper', 'Batrider', 'Mars', 'Templar Assassin', 'Chaos Knight']","['Marci', 'Shadow Fiend', 'Chen', 'Mirana', 'Ursa']"
Team Secret,True,The Dire,"['Nyx Assassin', 'Primal Beast', 'Lycan', 'Monkey King', 'Mirana', 'Enigma', 'Viper']","['Hoodwink', 'Crystal Maiden', 'Dawnbreaker', 'Zeus', 'Pudge']"
Thunder Awaken,True,The Radiant,"['Nyx Assassin', 'Primal Beast', 'Lycan', 'Monkey King', 'Mirana', 'Enigma', 'Viper']","['Hoodwink', 'Crystal Maiden', 'Dawnbreaker', 'Zeus', 'Pudge']"
OG,True,The Dire,"['Earthshaker', 'Shadow Fiend', 'Batrider', 'Monkey King', 'Silencer', 'Tiny', 'Leshrac']","['Primal Beast', 'Snapfire', 'Tusk', 'Death Prophet', 'Phantom Lancer']"
BOOM Esports,True,The Radiant,"['Earthshaker', 'Shadow Fiend', 'Batrider', 'Monkey King', 'Silencer', 'Tiny', 'Leshrac']","['Primal Beast', 'Snapfire', 'Tusk', 'Death Prophet', 'Phantom Lancer']"
OG,True,The Dire,"['Nyx Assassin', 'Enigma', 'Kunkka', 'Ember Spirit', 'Templar Assassin', 'Troll Warlord', 'Lifestealer']","['Marci', 'Invoker', 'Naga Siren', 'Jakiro', 'Slardar']"
BOOM Esports,True,The Radiant,"['Nyx Assassin', 'Enigma', 'Kunkka', 'Ember Spirit', 'Templar Assassin', 'Troll Warlord', 'Lifestealer']","['Marci', 'Invoker', 'Naga Siren', 'Jakiro', 'Slardar']"
Gaimin Gladiators,True,The Radiant,"['Visage', 'Enigma', ""Nature's Prophet"", 'Sniper', 'Batrider', 'Puck', 'Lina']","['Shadow Fiend', 'Tusk', 'Beastmaster', 'Chen', 'Invoker']"
BetBoom Team,True,The Dire,"['Visage', 'Enigma', ""Nature's Prophet"", 'Sniper', 'Batrider', 'Puck', 'Lina']","['Shadow Fiend', 'Tusk', 'Beastmaster', 'Chen', 'Invoker']"
Gaimin Gladiators,True,The Dire,"['Visage', 'Enigma', 'Ancient Apparition', 'Lina', 'Drow Ranger', 'Batrider', 'Puck']","['Primal Beast', 'Morphling', 'Brewmaster', 'Crystal Maiden', 'Undying']"
BetBoom Team,True,The Radiant,"['Visage', 'Enigma', 'Ancient Apparition', 'Lina', 'Drow Ranger', 'Batrider', 'Puck']","['Primal Beast', 'Morphling', 'Brewmaster', 'Crystal Maiden', 'Undying']"
Team Liquid,True,The Dire,"['Primal Beast', 'Nyx Assassin', 'Batrider', 'Sniper', 'Morphling', 'Faceless Void', 'Terrorblade']","['Enigma', 'Shadow Fiend', 'Tusk', 'Magnus', 'Slark']"
Knights,True,The Radiant,"['Primal Beast', 'Nyx Assassin', 'Batrider', 'Sniper', 'Morphling', 'Faceless Void', 'Terrorblade']","['Enigma', 'Shadow Fiend', 'Tusk', 'Magnus', 'Slark']"
Team Liquid,True,The Dire,"['Nyx Assassin', 'Enigma', 'Naga Siren', 'Centaur Warrunner', 'Pangolier', 'Puck', 'Ember Spirit']","['Clockwerk', 'Visage', 'Queen of Pain', 'Disruptor', 'Legion Commander']"
Knights,True,The Radiant,"['Nyx Assassin', 'Enigma', 'Naga Siren', 'Centaur Warrunner', 'Pangolier', 'Puck', 'Ember Spirit']","['Clockwerk', 'Visage', 'Queen of Pain', 'Disruptor', 'Legion Commander']"
PSG.LGD,True,The Dire,"['Batrider', 'Undying', 'Pangolier', 'Tusk', 'Pudge', 'Beastmaster', 'Axe']","['Enigma', 'Tiny', 'Dazzle', 'Zeus', 'Terrorblade']"
Ukumari,True,The Radiant,"['Batrider', 'Undying', 'Pangolier', 'Tusk', 'Pudge', 'Beastmaster', 'Axe']","['Enigma', 'Tiny', 'Dazzle', 'Zeus', 'Terrorblade']"
PSG.LGD,True,The Dire,"['Primal Beast', 'Silencer', 'Ancient Apparition', 'Phantom Lancer', 'Bloodseeker', 'Naga Siren', 'Lone Druid']","['Marci', 'Morphling', 'Zeus', 'Clockwerk', 'Snapfire']"
Ukumari,True,The Radiant,"['Primal Beast', 'Silencer', 'Ancient Apparition', 'Phantom Lancer', 'Bloodseeker', 'Naga Siren', 'Lone Druid']","['Marci', 'Morphling', 'Zeus', 'Clockwerk', 'Snapfire']"
Shopify Rebellion,True,The Radiant,"['Enigma', 'Shadow Fiend', 'Batrider', 'Invoker', 'Templar Assassin', 'Viper', 'Venomancer']","['Marci', 'Leshrac', 'Bane', 'Magnus', 'Juggernaut']"
Thiuth Gaming,True,The Dire,"['Enigma', 'Shadow Fiend', 'Batrider', 'Invoker', 'Templar Assassin', 'Viper', 'Venomancer']","['Marci', 'Leshrac', 'Bane', 'Magnus', 'Juggernaut']"
Shopify Rebellion,True,The Dire,"['Enigma', 'Clockwerk', 'Visage', 'Ancient Apparition', 'Naga Siren', 'Tidehunter', 'Pangolier']","['Undying', 'Invoker', 'Broodmother', 'Rubick', 'Terrorblade']"
Thiuth Gaming,True,The Radiant,"['Enigma', 'Clockwerk', 'Visage', 'Ancient Apparition', 'Naga Siren', 'Tidehunter', 'Pangolier']","['Undying', 'Invoker', 'Broodmother', 'Rubick', 'Terrorblade']"
